소방서 및 안전센터명,위도,경도,시도,시군구,상세주소,상위 본부명
수성소방서-수성-119 안전센터,35.856757,128.62085,대구광역시,수성구,들안로60길 30,대구소방안전본부
수성소방서-황금-119 안전센터,35.8354932,128.6264246,대구광역시,수성구,동대구로12길 41,대구소방안전본부
수성소방서-만촌-119 안전센터,35.8553405,128.6521084,대구광역시,수성구,달구벌대로 2658,대구소방안전본부
수성소방서-범물-119 안전센터,35.8255278,128.6443835,대구광역시,수성구,청호로 87,대구소방안전본부
북부소방서_대구-산격-119 안전센터,35.9060774,128.614247,대구광역시,북구,유통단지로8길 88,대구소방안전본부
북부소방서_대구-무태-119 안전센터,35.9209169,128.5969011,대구광역시,북구,호국로43길 21,대구소방안전본부
북부소방서_대구-복현-119 안전센터,35.8953863,128.6181969,대구광역시,북구,동북로 245,대구소방안전본부
북부소방서_대구-대현-119 안전센터,35.8824217,128.6106205,대구광역시,북구,대현로 105,대구소방안전본부
북부소방서_대구-노원-119 안전센터,35.8921502,128.5673912,대구광역시,북구,노원로 42,대구소방안전본부
북부소방서_대구-침산-119 안전센터,35.8883496,128.5922483,대구광역시,북구,침산남로 149,대구소방안전본부
북부소방서_대구-칠성-119 안전센터,35.8779748,128.5922971,대구광역시,북구,칠성남로 112,대구소방안전본부
서부소방서_대구-동천-119 안전센터,35.931941,128.5578288,대구광역시,북구,구암로 155,대구소방안전본부
서부소방서_대구-내당-119 안전센터,35.8594298,128.5552638,대구광역시,서구,서대구로3길 16,대구소방안전본부
서부소방서_대구-태전-119 안전센터,35.9123206,128.548797,대구광역시,북구,칠곡중앙대로 184,대구소방안전본부
서부소방서_대구-비산-119 안전센터,35.8804392,128.5720345,대구광역시,서구,달서로 206,대구소방안전본부
서부소방서_대구-이현-119 안전센터,35.8690829,128.5441489,대구광역시,서구,국채보상로 119,대구소방안전본부
서부소방서_대구-읍내-119 안전센터,35.9464889,128.5515261,대구광역시,북구,칠곡중앙대로 570,대구소방안전본부
서부소방서_대구-평리-119 안전센터,35.8818837,128.5544996,대구광역시,서구,달서천로 186,대구소방안전본부
동부소방서_대구-율하-119 안전센터,35.8620298,128.7019657,대구광역시,동구,율하동로8길 5,대구소방안전본부
동부소방서_대구-공산-119 안전센터,35.962767,128.6977513,대구광역시,동구,팔공산로 1579,대구소방안전본부
동부소방서_대구-불로-119 안전센터,35.9219951,128.6439421,대구광역시,동구,팔공로50길 19,대구소방안전본부
동부소방서_대구-안심-119 안전센터,35.8721648,128.7204102,대구광역시,동구,반야월로 291,대구소방안전본부
동부소방서_대구-동촌-119 안전센터,35.8866965,128.6484933,대구광역시,동구,해동로 180,대구소방안전본부
동부소방서_대구-신천-119 안전센터,35.8760907,128.6251739,대구광역시,동구,동대구로 507,대구소방안전본부
광산소방서_광주-평동-119 안전센터,35.1242989,126.773418,광주광역시,광산구,월전동 1251,광주소방안전본부
광산소방서_광주-첨단-119 안전센터,35.2187847,126.8491735,광주광역시,광산구,임방울대로825번길 16(쌍암동),광주소방안전본부
광산소방서_광주-신가-119 안전센터,35.1849057,126.8347787,광주광역시,광산구,수등로 236(신가동),광주소방안전본부
광산소방서_광주-비아-119 안전센터,35.2207346,126.823575,광주광역시,광산구,비아로12번길 10(비아동),광주소방안전본부
광산소방서_광주-월곡-119 안전센터,35.168918,126.809313,광주광역시,광산구,사암로 276(월곡동),광주소방안전본부
광산소방서_광주-송정-119 안전센터,35.129099,126.785525,광주광역시,광산구,상무대로 93-1(도산동),광주소방안전본부
광산소방서_광주-하남-119 안전센터,35.1859848,126.7964868,광주광역시,광산구,하남산단1번로 13(하남동),광주소방안전본부
북부소방서_광주-동림-119 안전센터,35.1864747,126.8702777,광주광역시,북구,북문대로 202(동림동),광주소방안전본부
북부소방서_광주-두암-119 안전센터,35.1623846,126.9368036,광주광역시,북구,삼정로 5(두암동),광주소방안전본부
북부소방서_광주-일곡-119 안전센터,35.2063476,126.8972942,광주광역시,북구,설죽로 529(일곡동),광주소방안전본부
칠곡소방서,35.99581,128.388162,경상북도,칠곡군,기산면 칠곡대로 1216,경북소방본부
대전-가양-119 안전센터,36.3474872,127.4405715,대전광역시,동구,합내로 50,대전소방본부
대전-용운-119 안전센터,36.3312594,127.4618264,대전광역시,동구,용운로 151번길 88,대전소방본부
대전-산내-119 안전센터,36.2819026,127.467491,대전광역시,동구,산내로 1328,대전소방본부
대전-부사-119 안전센터,36.32699,127.4329189,대전광역시,동구,대전천동로 508,대전소방본부
대전-원동-119 안전센터,36.3169676,127.4291671,대전광역시,중구,대종로 373,대전소방본부
대전-삼성-119 안전센터,36.3402664,127.4218609,대전광역시,동구,태전로 134,대전소방본부
대전-원내-119 안전센터,36.2918896,127.3188729,대전광역시,유성구,계백로 801번길 17,대전소방본부
대전-가수원-119 안전센터,36.3090937,127.3526732,대전광역시,서구,용소로 46,대전소방본부
대전-산성-119 안전센터,36.3077317,127.394996,대전광역시,중구,산성로 59,대전소방본부
대전-문화-119 안전센터,36.3193046,127.4112705,대전광역시,중구,계룡로 918번길 67,대전소방본부
대전-복수-119 안전센터,36.3093101,127.3723393,대전광역시,서구,복수서로 67,대전소방본부
대전-노은-119 안전센터,36.3686828,127.3174158,대전광역시,유성구,노은로 101,대전소방본부
대전-궁동-119 안전센터,36.3636563,127.3486532,대전광역시,유성구,궁동로 35,대전소방본부
대전-구암-119 안전센터,36.3489264,127.3292431,대전광역시,유성구,월드컵대로 263,대전소방본부
대전-전민-119 안전센터,36.3992962,127.4059522,대전광역시,유성구,엑스포로 486-11,대전소방본부
대전-도룡-119 안전센터,36.378896,127.3789854,대전광역시,유성구,대덕대로 516,대전소방본부
북부소방서_광주-우산-119 안전센터,35.1744758,126.9258817,광주광역시,북구,동문대로 127(우산동),광주소방안전본부
북부소방서_광주-임동-119 안전센터,35.1688767,126.8907157,광주광역시,북구,서림로 5(임동),광주소방안전본부
북부소방서_광주-문흥-119 안전센터,35.1867196,126.9120927,광주광역시,북구,서하로 290(오치동),광주소방안전본부
남부소방서_광주-봉선-119 안전센터,35.1309858,126.9189711,광주광역시,남구,오방로 63(방림동),광주소방안전본부
남부소방서_광주-월산-119 안전센터,35.1406062,126.8946811,광주광역시,남구,수박등로 1(월산동),광주소방안전본부
남부소방서_광주-송하-119 안전센터,35.1104487,126.878475,광주광역시,남구,송암로58번길 13(송하동),광주소방안전본부
서부소방서_광주-풍암-119 안전센터,35.1237123,126.8626629,광주광역시,서구,회재로 907(금호동),광주소방안전본부
서부소방서_광주-상무-119 안전센터,35.153268,126.847138,광주광역시,서구,치평로 65(치평동),광주소방안전본부
서부소방서_광주-금호-119 안전센터,35.1427037,126.8582847,광주광역시,서구,운천로 112(쌍촌동),광주소방안전본부
서부소방서_광주-염주-119 안전센터,35.14149,126.873788,광주광역시,서구,염화로 77(화정동),광주소방안전본부
서부소방서_광주-화정-119 안전센터,35.1563719,126.8765703,광주광역시,서구,화운로 197(화정동),광주소방안전본부
동부소방서_광주-학운-119 안전센터,35.1323962,126.9288639,광주광역시,동구,남문로 692(학동),광주소방안전본부
동부소방서_광주-지산-119 안전센터,35.1499634,126.9385315,광주광역시,동구,밤실로30번길 16(지산동),광주소방안전본부
동부소방서_광주-대인-119 안전센터,35.1545794,126.9147654,광주광역시,동구,제봉로 210(대인동),광주소방안전본부
송도소방서-신송(구.송도)-119 안전센터,37.390899,126.6518209,인천광역시,연수구,해돋이로 92(송도동),인천소방본부
송도소방서-미래-119 안전센터,37.3672328,126.6515905,인천광역시,연수구,첨단대로 60번길 15(송도동),인천소방본부
공항소방서-용유-119 안전센터,37.4485671,126.3938932,인천광역시,중구,용유서로128번길 1(운서동),인천소방본부
공항소방서-운서-119 안전센터,37.4937369,126.4884485,인천광역시,중구,흰바위로27번길 16(운서동),인천소방본부
공항소방서-영종-119 안전센터,37.4880213,126.5332815,인천광역시,중구,운남로 116(운남동),인천소방본부
공항소방서-공항-119 안전센터,37.4858663,126.4145851,인천광역시,중구,공항서로512번길 464(운서동),인천소방본부
강화소방서-내가-119 안전센터,37.7175081,126.3901664,인천광역시,강화군,내가면 강화서로 235-1,인천소방본부
강화소방서-길상-119 안전센터,37.6383104,126.4826246,인천광역시,강화군,길상면 마니산로 93,인천소방본부
강화소방서-강화-119 안전센터,37.7396808,126.4874741,인천광역시,강화군,강화읍 남문로23번길 11,인천소방본부
남부소방서_인천-숭의-119 안전센터,37.4661051,126.643178,인천광역시,남구,석정로 51 (숭의동),인천소방본부
남부소방서_인천-관교-119 안전센터,37.4443181,126.6965968,인천광역시,남구,인하로 450 (관교동),인천소방본부
남부소방서_인천-용현-119 안전센터,37.4533982,126.6485843,인천광역시,남구,독배로 376 (용현동),인천소방본부
남부소방서_인천-도화-119 안전센터,37.4754504,126.6693166,인천광역시,남구,장고개로 85 (도화동),인천소방본부
남부소방서_인천-주안-119 안전센터,37.460563,126.672309,인천광역시,남구,한나루로 607 인천종합건설본부 (도화동),인천소방본부
남부소방서_인천-신기-119 안전센터,37.4484875,126.6691548,인천광역시,남구,인하로 190 (주안동),인천소방본부
계양소방서-효성-119 안전센터,37.5275711,126.7064678,인천광역시,계양구,효서로 96-1(효성동),인천소방본부
계양소방서-장기-119 안전센터,37.5763229,126.7336744,인천광역시,계양구,장기서로 14(장기동),인천소방본부
계양소방서-작전-119 안전센터,37.5370098,126.734921,인천광역시,계양구,장제로 774(계산동),인천소방본부
공단소방서-논현-119 안전센터,37.4053393,126.7296881,인천광역시,남동구,소래역로 109(논현동),인천소방본부
공단소방서-동춘-119 안전센터,37.4091614,126.6712998,인천광역시,연수구,앵고개로 241(동춘동),인천소방본부
공단소방서-도림-119 안전센터,37.4226844,126.7091178,인천광역시,남동구,비류대로 667(도림동),인천소방본부
부천소방서-원종-119 안전센터,37.5259918,126.8084534,경기도,부천시,원종로79번길 41 (원종동),경기재난본부
부천소방서-괴안-119 안전센터,37.482732,126.8104426,경기도,부천시,부광로8번길 49 (괴안동),경기재난본부
부천소방서-중동-119 안전센터,37.48777,126.7685797,경기도,부천시,부일로 346 (중동),경기재난본부
부천소방서-내동-119 안전센터,37.5161263,126.77572,경기도,부천시,신흥로 364 (내동),경기재난본부
부천소방서-중앙-119 안전센터,37.4933057,126.7779585,경기도,부천시,신흥로 115 (중동),경기재난본부
분당소방서-구미-119 안전센터,37.3519016,127.1165198,경기도,성남시 분당구,돌마로 138 (구미동),경기재난본부
분당소방서-야탑-119 안전센터,37.4164352,127.1359764,경기도,성남시 분당구,양현로 485 (야탑4동),경기재난본부
분당소방서-수내-119 안전센터,37.3673561,127.1225858,경기도,성남시 분당구,백현로 241 (수내동),경기재난본부
분당소방서-판교-119 안전센터,37.3995571,127.1137255,경기도,성남시 분당구,대왕판교로644번길 62 (삼평동),경기재난본부
분당소방서-서현-119 안전센터,37.3860453,127.1194828,경기도,성남시 분당구,양현로 14 (서현동),경기재난본부
성남소방서-위례-119 안전센터,37.4620155,127.1435977,경기도,성남시 수정구,헌릉로 1003 (창곡동),경기재난본부
성남소방서-단대-119 안전센터,37.4549462,127.1595633,경기도,성남시 수정구,논골로 11번길 7-2 (단대동),경기재난본부
성남소방서-상대원-119 안전센터,37.4324179,127.168675,경기도,성남시 중원구,둔촌대로 457번길 8 (상대원동),경기재난본부
성남소방서-신흥-119 안전센터,37.4415552,127.1432624,경기도,성남시 수정구,시민로 151 (신흥동),경기재난본부
성남소방서-수진-119 안전센터,37.4365974,127.1335475,경기도,수정구,제일로 111 (수진동),경기재난본부
수원소방서-영통-119 안전센터,37.2532483,127.0688099,경기도,영통구,매영로 325 (영통동),경기재난본부
수원소방서-고색-119 안전센터,37.2532333,126.9753875,경기도,권선구,서부로 1614 (고색동),경기재난본부
수원소방서-이의-119 안전센터,37.2969183,127.0435404,경기도,영통구,창룡대로 313 (이의동),경기재난본부
수원소방서-파장-119 안전센터,37.312436,126.9791456,경기도,장안구,서부로 2308 (이목동),경기재난본부
수원소방서-서둔-119 안전센터,37.2689531,126.9933507,경기도,권선구,서호동로 48 (서둔동),경기재난본부
수원소방서-지만-119 안전센터,37.2843185,127.0286534,경기도,팔달구,경수대로 660 (우만동),경기재난본부
수원소방서-원천-119 안전센터,37.2731488,127.0541827,경기도,영통구,중부대로 349 (원천동),경기재난본부
수원소방서-매산-119 안전센터,37.2704669,127.0106534,경기도,팔달구,매산로 89 (매산로 3가),경기재난본부
수원소방서-남부-119 안전센터,37.2547354,127.0363424,경기도,권선구,동수원로 286 (권선동),경기재난본부
수원소방서-정자-119 안전센터,37.2971847,126.9959707,경기도,장안구,정자천로 189번길 12 (정자동),경기재난본부
세종소방서-어진-119 안전센터,36.5041461,127.2717542,세종특별자치시,,어진동 610,세종소방본부
조치원소방서-연서-119 안전센터,36.5895597,127.2023079,세종특별자치시,,연서면 도신고복로 306,세종소방본부
조치원소방서-부강-119 안전센터,36.528295,127.3721491,세종특별자치시,,부강면 청연로 7,세종소방본부
조치원소방서-전의-119 안전센터,36.6864602,127.1923338,세종특별자치시,,전의면 서정길 46-6,세종소방본부
조치원소방서-조치원-119 안전센터,36.6047949,127.2888963,세종특별자치시,,조치원읍 세종로 2439,세종소방본부
온산소방서_울산-화산-119 안전센터,35.4391354,129.3352008,울산광역시,울주군,온산읍 공단로 417,울산소방본부
온산소방서_울산-웅촌-119 안전센터,35.4634654,129.2064444,울산광역시,울주군,웅촌면 곡천검단로 9,울산소방본부
온산소방서_울산-온양-119 안전센터,35.4108905,129.2796736,울산광역시,울주군,온양읍 온양로 74,울산소방본부
온산소방서_울산-온산-119 안전센터,35.4332554,129.3066022,울산광역시,울주군,온산읍 덕신로 232,울산소방본부
동부소방서_울산-전하-119 안전센터,35.5093597,129.4290742,울산광역시,동구,진성 4가길 8,울산소방본부
동부소방서_울산-염포-119 안전센터,35.5265178,129.3989237,울산광역시,북구,염포로 769,울산소방본부
동부소방서_울산-동부(울산)_화정-119 안전센터,35.4955164,129.4270302,울산광역시,동구,방어진순환도로 601,울산소방본부
동부소방서_울산-화암-119 안전센터,35.4823307,129.4125804,울산광역시,동구,꽃바위2가길 9,울산소방본부
남부소방서_울산-옥동-119 안전센터,35.5343605,129.2921748,울산광역시,남구,대공원입구로21번길 20,울산소방본부
남부소방서_울산-장생포-119 안전센터,35.5115856,129.377409,울산광역시,남구,매암로 18,울산소방본부
남부소방서_울산-남부(울산)_공단-119 안전센터,35.5013543,129.3187548,울산광역시,남구,상개로 190,울산소방본부
남부소방서_울산-무거-119 안전센터,35.5389417,129.2636742,울산광역시,남구,문수로 89,울산소방본부
남부소방서_울산-남부(울산)_신정-119 안전센터,35.5393885,129.3195843,울산광역시,남구,신정로 87번길 2,울산소방본부
남부소방서_울산-여천-119 안전센터,35.5253,129.34134,울산광역시,남구,여천로 81-33,울산소방본부
남부소방서_울산-남부(울산)_삼산-119 안전센터,35.5471664,129.3354638,울산광역시,남구,삼산중로 149,울산소방본부
중부소방서_울산-매곡-119 안전센터,35.6487356,129.359542,울산광역시,북구,오토밸리로 1024,울산소방본부
중부소방서_울산-범서-119 안전센터,35.5697853,129.2362419,울산광역시,울주군,구영앞길 99,울산소방본부
중부소방서_울산-태화-119 안전센터,35.5533931,129.2879666,울산광역시,중구,태화로 111,울산소방본부
중부소방서_울산-언양-119 안전센터,35.55875,129.135675,울산광역시,울주군,남천둑길 99,울산소방본부
중부소방서_울산-농소-119 안전센터,35.6299469,129.3407509,울산광역시,북구,아진로 72,울산소방본부
중부소방서_울산-병영-119 안전센터,35.5645973,129.3424762,울산광역시,중구,구교로 226,울산소방본부
중부소방서_울산-성남-119 안전센터,35.554175,129.32015,울산광역시,중구,만남의거리 14,울산소방본부
중부소방서_울산-유곡-119 안전센터,35.5629508,129.2993104,울산광역시,중구,종가로 205,울산소방본부
김포소방서-통진-119 안전센터,37.6906536,126.5963071,경기도,김포시,통진읍 김포대로 2250 (마송리),경기재난본부
김포소방서-양촌-119 안전센터,37.6580876,126.6223443,경기도,김포시,양촌읍 양곡1로 85 (양곡리),경기재난본부
김포소방서-중앙-119 안전센터,37.6415816,126.7085344,경기도,김포시,감암로 111 (걸포동),경기재난본부
이천소방서-장호원-119 안전센터,37.1170743,127.6146724,경기도,이천시,장호원읍 서동대로 8829번길 71 (장호원리),경기재난본부
이천소방서-대월-119 안전센터,37.2436016,127.4974053,경기도,이천시,경충대로 1973 (사동리),경기재난본부
대전-월평-119 안전센터,36.3600048,127.3668674,대전광역시,서구,청사로 27,대전소방본부
대전-송촌-119 안전센터,36.3634599,127.441969,대전광역시,대덕구,동춘당로 65,대전소방본부
대전-문평-119 안전센터,36.4469491,127.4047254,대전광역시,대덕구,문평동로 18번길 34,대전소방본부
대전-덕암-119 안전센터,36.4391257,127.4260783,대전광역시,대덕구,신탄진로 681번길 10,대전소방본부
대전-대화-119 안전센터,36.3669187,127.4108438,대전광역시,대덕구,대화로 81,대전소방본부
대전-법동-119 안전센터,36.3723802,127.4290118,대전광역시,대덕구,계족로 682,대전소방본부
대전-둔산-119 안전센터,36.3525366,127.3855745,대전광역시,서구,둔산로 101번길 26,대전소방본부
대전-탄방-119 안전센터,36.3468088,127.3952512,대전광역시,서구,문정로 142,대전소방본부
대전-태평-119 안전센터,36.3249014,127.3942065,대전광역시,중구,태평로 91,대전소방본부
대전-갈마-119 안전센터,36.3478898,127.3711216,대전광역시,서구,갈마중로 15,대전소방본부
이천소방서-관고-119 안전센터,37.2820952,127.4315605,경기도,이천시,경충대로 2739 (관고동),경기재난본부
화성소방서-목동-119 안전센터,37.213333,127.0848338,경기도,화성시 동탄2지구,공공8블럭,경기재난본부
화성소방서-장안-119 안전센터,37.0863391,126.8261347,경기도,화성시,장안면 3.1만세로 119 (어은리),경기재난본부
화성소방서-봉담-119 안전센터,37.2203519,126.950188,경기도,화성시,봉담읍 샘마을1길 9 (상리),경기재난본부
화성소방서-남양-119 안전센터,37.208714,126.8147719,경기도,화성시,남양시장로 48 (남양동),경기재난본부
화성소방서-태안-119 안전센터,37.2111911,127.0389766,경기도,화성시,병점중앙로 148 (진안동),경기재난본부
화성소방서-동탄-119 안전센터,37.2054557,127.0720881,경기도,화성시,동탄반석로 188 (반송동),경기재난본부
화성소방서-정남-119 안전센터,37.1649949,127.0022929,경기도,화성시,정남면 정남동로 514 (고지리),경기재난본부
화성소방서-향남-119 안전센터,37.1305973,126.9204924,경기도,화성시,향남읍 향남로 399 (행정리),경기재난본부
군포소방서-산본-119 안전센터,37.3682918,126.9272548,경기도,군포시,산본로 432번길 1 (산본동),경기재난본부
군포소방서-오금-119 안전센터,37.3525963,126.9271193,경기도,군포시,고산로 429 (산본동),경기재난본부
시흥소방서-연성-119 안전센터,37.3819021,126.8028531,경기도,시흥시,새재로 29 (장현동),경기재난본부
시흥소방서-정왕-119 안전센터,37.3355785,126.7297018,경기도,시흥시,공단1대로 259번길 1 (정왕동),경기재난본부
시흥소방서-시흥-119 안전센터,37.3494737,126.73965,경기도,시흥시,정왕신길로 206 (정왕동),경기재난본부
광명소방서-광남-119 안전센터,37.4715137,126.8457247,경기도,광명시,목감로 34 (광명동),경기재난본부
광명소방서-하안-119 안전센터,37.4614949,126.8770834,경기도,광명시,범안로 1025 (하안동),경기재난본부
광명소방서-광명-119 안전센터,37.4854303,126.8585601,경기도,광명시,사성로 12 (광명동),경기재난본부
광명소방서-소하-119 안전센터,37.4486381,126.8851744,경기도,광명시,금하로 472 (소하동),경기재난본부
송탄소방서-청북-119 안전센터,37.0336665,126.9391311,경기도,평택시,청북면 현곡산단로 16,경기재난본부
송탄소방서-고덕-119 안전센터,37.0459414,127.0212283,경기도,평택시,고덕면 고덕로 335,경기재난본부
송탄소방서-서탄-119 안전센터,37.1058612,127.0371075,경기도,평택시,서탄면 서탄로 241,경기재난본부
송탄소방서-모곡-119 안전센터,37.0369315,127.0769202,경기도,평택시,산단로64번길 2 (모곡동),경기재난본부
송탄소방서-진위-119 안전센터,37.1008606,127.0873614,경기도,평택시,진위면 봉남길 30,경기재난본부
송탄소방서-신장-119 안전센터,37.089811,127.0621453,경기도,평택시,경기대로 1627 (신장동),경기재난본부
평택소방서-포승-119 안전센터,36.9738572,126.8454371,경기도,평택시,포승읍 평택항로 156번길 11 (만호리),경기재난본부
평택소방서-팽성-119 안전센터,36.9621115,127.0591041,경기도,평택시,팽성읍 팽성송화로 172 (송화리),경기재난본부
평택소방서-안중-119 안전센터,36.9818447,126.9245029,경기도,평택시,안중읍 안현로서7길 28 (현화리),경기재난본부
평택소방서-비전-119 안전센터,36.9904771,127.1128559,경기도,평택시,중앙로 273 (비전동),경기재난본부
용인소방서-모현-119 안전센터,37.3292599,127.24156,경기도,용인시 처인구,모현면 독점로 31-12 (갈담리),경기재난본부
용인소방서-동백-119 안전센터,37.2776972,127.1551586,경기도,용인시 기흥구,동백6로 33 (중동),경기재난본부
용인소방서-백암-119 안전센터,37.1676676,127.3714157,경기도,용인시 처인구,백암면 백암로 247 (백암리),경기재난본부
용인소방서-보정-119 안전센터,37.3196543,127.1158609,경기도,용인시 기흥구,보정로 114번길 2 (보정동),경기재난본부
용인소방서-이동-119 안전센터,37.1745015,127.2043163,경기도,용인시 처인구,이동면 백옥대로 416-2 (덕성리),경기재난본부
용인소방서-포곡-119 안전센터,37.2776266,127.2300213,경기도,용인시 처인구,포곡읍 포곡로 252 (삼계리),경기재난본부
용인소방서-남사-119 안전센터,37.1154347,127.1522737,경기도,용인시 처인구,남사면 봉무로 13 (봉무리),경기재난본부
용인소방서-양지-119 안전센터,37.2301228,127.2889099,경기도,용인시 처인구,양지면 남평로 46 (남곡리),경기재난본부
용인소방서-수지-119 안전센터,37.3260426,127.1001384,경기도,용인시 수지구,풍덕천로 177 (풍덕천동),경기재난본부
용인소방서-구갈-119 안전센터,37.2788981,127.1097918,경기도,용인시 기흥구,신구로 74 (구갈동),경기재난본부
용인소방서-역북-119 안전센터,37.2320791,127.1898579,경기도,용인시 처인구,명지로 45 (역북동),경기재난본부
안산소방서-반월-119 안전센터,37.3030078,126.9055381,경기도,안산시 상록구,건지미길 48 (건건동),경기재난본부
안산소방서-대부-119 안전센터,37.2401513,126.6177375,경기도,안산시 단원구,영전로 375 (대부동동),경기재난본부
안산소방서-사동-119 안전센터,37.3008071,126.8436254,경기도,안산시 상록구,항가울로 230 (사동),경기재난본부
안산소방서-군자-119 안전센터,37.3199192,126.7358019,경기도,안산시 단원구,번영1로 45 (성곡동),경기재난본부
안산소방서-월피-119 안전센터,37.3350692,126.8545025,경기도,안산시 상록구,충장로 645 (월피동),경기재난본부
안산소방서-성곡-119 안전센터,37.3126964,126.7655247,경기도,안산시 단원구,장자골로 66 (성곡동),경기재난본부
안산소방서-선부-119 안전센터,37.3339559,126.8043984,경기도,안산시 단원구,선부광장서로 43 (선부동),경기재난본부
안산소방서-원시-119 안전센터,37.3129693,126.7936047,경기도,안산시 단원구,동산로 31 (원시동),경기재난본부
안산소방서-고잔-119 안전센터,37.3213207,126.8332049,경기도,안산시 단원구,화랑로 407 (고잔동),경기재난본부
안양소방서-귀인-119 안전센터,37.3817918,126.9614408,경기도,안양시 동안구,평촌대로 104 (평촌동),경기재난본부
안양소방서-석수-119 안전센터,37.40893,126.9092326,경기도,안양시 만안구,석수로 28 (석수동),경기재난본부
안양소방서-비산-119 안전센터,37.4052073,126.9492019,경기도,안양시 동안구,평촌대로 389 (비산동),경기재난본부
안양소방서-안양-119 안전센터,37.3903237,126.925475,경기도,안양시 만안구,현충로 55 (안양동),경기재난본부
안양소방서-부림-119 안전센터,37.3959988,126.9607654,경기도,안양시 동안구,관평로212번길 32 (관양동),경기재난본부
부천소방서-신상-119 안전센터,37.5081334,126.7515485,경기도,부천시,상동로117번길 36 (상동),경기재난본부
부천소방서-범박-119 안전센터,37.4705716,126.8094248,경기도,부천시,범안로 127 (범박동),경기재난본부
부천소방서-서부-119 안전센터,37.5078863,126.7677481,경기도,부천시,계남로 169 (중동),경기재난본부
부천소방서-상동-119 안전센터,37.4943498,126.7545072,경기도,부천시,장말로 113 (상동),경기재난본부
파주소방서-운정-119 안전센터,37.7118046,126.7498161,경기도,파주시,야당동 1003-2,경기북부소방재난본부
파주소방서-적성-119 안전센터,37.9555177,126.9283428,경기도,파주시,적성면 감악산로 1220,경기북부소방재난본부
파주소방서-교하-119 안전센터,37.7289655,126.7172043,경기도,파주시,청석로 301,경기북부소방재난본부
파주소방서-월롱-119 안전센터,37.8151902,126.7525668,경기도,파주시,월롱면 엘씨디로 310,경기북부소방재난본부
파주소방서-탄현-119 안전센터,37.7813508,126.6872549,경기도,파주시,탄현면 필승로 458,경기북부소방재난본부
파주소방서-광탄-119 안전센터,37.775777,126.8512742,경기도,파주시,광탄면 혜음로 1040,경기북부소방재난본부
파주소방서-법원-119 안전센터,37.846774,126.8821978,경기도,파주시,법원읍 화합로 141,경기북부소방재난본부
파주소방서-금촌-119 안전센터,37.753899,126.7804673,경기도,파주시,가나무로 136,경기북부소방재난본부
파주소방서-통일-119 안전센터,37.8473462,126.7894521,경기도,,파주읍 통일로 1564,경기북부소방재난본부
남양주소방서-가운-119 안전센터,37.604887,127.1583939,경기도,남양주시,가운로 16,경기북부소방재난본부
남양주소방서-오남-119 안전센터,37.6968794,127.2056938,경기도,남양주시,오남읍 진건오남로 772,경기북부소방재난본부
남양주소방서-별내-119 안전센터,37.6460041,127.1298125,경기도,남양주시,송산로 41,경기북부소방재난본부
남양주소방서-와부-119 안전센터,37.5857862,127.2162184,경기도,남양주시,와부읍 덕소로 97번길 34-2,경기북부소방재난본부
남양주소방서-화도-119 안전센터,37.6501777,127.3048297,경기도,남양주시,화도읍 수레로 1260번길 25,경기북부소방재난본부
남양주소방서-진건-119 안전센터,37.6601321,127.1802625,경기도,남양주시,진건읍 진건오남로 112-21,경기북부소방재난본부
남양주소방서-진접-119 안전센터,37.7255335,127.189701,경기도,남양주시,진접읍 금강로 1509-25,경기북부소방재난본부
남양주소방서-평내-119 안전센터,37.6434158,127.2322211,경기도,남양주시,평내로 25,경기북부소방재난본부
의정부소방서-송산-119 안전센터,37.7398178,127.0865102,경기도,의정부시,충의로 90,경기북부소방재난본부
의정부소방서-호원-119 안전센터,37.7208387,127.0481812,경기도,의정부시,평화로 322번길 7,경기북부소방재난본부
의정부소방서-금오-119 안전센터,37.7493447,127.0612693,경기도,의정부시,호국로 1434-14,경기북부소방재난본부
의정부소방서-중앙-119 안전센터,37.7370748,127.035361,경기도,의정부시,의정로 48,경기북부소방재난본부
일산소방서-대화-119 안전센터,37.679023,126.7419742,경기도,고양시 일산서구,대화동 2321-2,경기북부소방재난본부
일산소방서-고봉-119 안전센터,37.699357,126.8306782,경기도,고양시 일산동구,성현로 429,경기북부소방재난본부
일산소방서-중산-119 안전센터,37.6914164,126.7805407,경기도,고양시 일산동구,중산로 218,경기북부소방재난본부
일산소방서-주엽-119 안전센터,37.6701678,126.7592197,경기도,고양시 일산서구,주화로 82,경기북부소방재난본부
일산소방서-백석-119 안전센터,37.6442206,126.7850402,경기도,고양시 일산동구,장백로 78,경기북부소방재난본부
일산소방서-장항-119 안전센터,37.6630508,126.7696353,경기도,고양시 일산동구,중앙로 1325,경기북부소방재난본부
고양소방서-화전-119 안전센터,37.5965015,126.8770728,경기도,고양시 덕양구,중앙로 78,경기북부소방재난본부
고양소방서-행신-119 안전센터,37.6150888,126.8434383,경기도,고양시 덕양구,소원로181번길 52,경기북부소방재난본부
고양소방서-신도-119 안전센터,37.6522164,126.8931523,경기도,고양시 덕양구,삼송로136번길 80-6,경기북부소방재난본부
고양소방서-능곡-119 안전센터,37.6202355,126.8207253,경기도,고양시 덕양구,토당로 48,경기북부소방재난본부
고양소방서-원당-119 안전센터,37.6550568,126.8331956,경기도,고양시 덕양구,고양대로 1342,경기북부소방재난본부
과천소방서-과천-119 안전센터,37.4422944,127.008872,경기도,과천시,궁말로 30 (주암동),경기재난본부
과천소방서-중앙-119 안전센터,37.4285792,126.990472,경기도,과천시,통영로 12 (중앙동),경기재난본부
양평소방서-용문-119 안전센터,37.4929878,127.5903207,경기도,양평군,용문면 연수로 64 (다문리),경기재난본부
양평소방서-강상-119 안전센터,37.4803451,127.4782139,경기도,양평군,강상면 송학길 54 (송학리),경기재난본부
양평소방서-공흥-119 안전센터,37.5003332,127.5073421,경기도,양평군,양평읍 경강로 2047 (공흥리),경기재난본부
여주소방서-북내-119 안전센터,37.3247091,127.6778593,경기도,여주시,북내면 도예로 440 (당우리),경기재난본부
여주소방서-가남-119 안전센터,37.2134355,127.5434964,경기도,여주시,가남면 일신로 32 (태평리),경기재난본부
여주소방서-여주-119 안전센터,37.2916731,127.6257777,경기도,여주시,우암로 110 (월송동),경기재난본부
오산소방서-원동-119 안전센터,37.1336369,127.0722311,경기도,오산시,경기대로 99 (원동),경기재난본부
오산소방서-청학-119 안전센터,37.1547092,127.0638941,경기도,오산시,청학로 55-6 (청학동),경기재난본부
의왕소방서-오전-119 안전센터,37.3563086,126.9685466,경기도,의왕시,경수대로 344 (오전동),경기재난본부
의왕소방서-백운-119 안전센터,37.3905868,126.9925141,경기도,의왕시,안양판교로 187 (청계동),경기재난본부
의왕소방서-고천-119 안전센터,37.3441651,126.9747136,경기도,의왕시,오봉로 9 (고천동),경기재난본부
하남소방서-덕풍-119 안전센터,37.5522654,127.2044638,경기도,하남시,덕풍서로 60 (덕풍동),경기재난본부
하남소방서-감북-119 안전센터,37.5159443,127.1675689,경기도,하남시,감북로 91 (광암동),경기재난본부
하남소방서-신장-119 안전센터,37.5398975,127.2204324,경기도,하남시,대청로 76 (신장동),경기재난본부
안성소방서-공도-119 안전센터,37.0008594,127.173101,경기도,안성시,공도읍 공도로 111 (만정리),경기재난본부
안성소방서-죽산-119 안전센터,37.0680606,127.4240444,경기도,안성시,죽산면 장원공단길 38 (장원리),경기재난본부
안성소방서-미양-119 안전센터,36.9775628,127.2605884,경기도,안성시,미양면 제2공단3길 8 (계륵리),경기재난본부
안성소방서-도기-119 안전센터,37.0004851,127.2560104,경기도,안성시,미양로 855 (도기동),경기재난본부
광주소방서-능평-119 안전센터,37.3572416,127.1687436,경기도,광주시,오포읍 대명대길 30 (능평리),경기재난본부
광주소방서-곤지암-119 안전센터,37.3378171,127.3367752,경기도,광주시,곤지암읍 도척로 163 (곤지암리),경기재난본부
광주소방서-오포-119 안전센터,37.371385,127.233549,경기도,광주시,오포읍 오포로 910-5 (고산리),경기재난본부
광주소방서-경안-119 안전센터,37.4148213,127.2642752,경기도,광주시,수하길 36 (송정동),경기재난본부
광주소방서-초월-119 안전센터,37.385597,127.2995112,경기도,광주시,초월읍 무들로 112 (대쌍령리),경기재난본부
김포소방서-마산-119 안전센터,37.6396485,126.6443504,경기도,김포시,김포한강8로 196,경기재난본부
김포소방서-대곶-119 안전센터,37.6334757,126.5824861,경기도,김포시,대곶면 수남로 104,경기재난본부
김포소방서-하성-119 안전센터,37.7112996,126.6376544,경기도,김포시,하성면 하성로 404 (마곡리),경기재난본부
김포소방서-고촌-119 안전센터,37.6023615,126.7737294,경기도,김포시,고촌읍 은행영사정로 31 (신곡리),경기재난본부
평창소방서-진부-119 안전센터,37.6447332,128.5674389,강원특별자치도,평창군,진부면 진부로 37,강원소방본부
평창소방서-현장대응과(평창)-119 안전센터,37.3782173,128.3892757,강원특별자치도,평창군,평창읍 살구실길 10,강원소방본부
영월소방서-영월_중동-119 안전센터,37.1424979,128.6798601,강원특별자치도,영월군,중동면 응고개길 10-17,강원소방본부
영월소방서-주천-119 안전센터,37.2747988,128.2697868,강원특별자치도,영월군,송학주천로 1467-15,강원소방본부
영월소방서-방호구조과(영월)-119 안전센터,37.1853596,128.45845,강원특별자치도,영월군,영월읍 영월로 1863,강원소방본부
횡성소방서-우천-119 안전센터,37.4475992,128.0750977,강원특별자치도,횡성군,우천면 서동로 199,강원소방본부
횡성소방서-둔내-119 안전센터,37.5065482,128.2123264,강원특별자치도,횡성군,둔내면 고원남로 42,강원소방본부
횡성소방서-방호구조과(횡성)-119 안전센터,37.4853506,127.9739835,강원특별자치도,횡성군,횡성읍 문예로 157,강원소방본부
홍천소방서-서석-119 안전센터,37.7128905,128.1841197,강원특별자치도,홍천군,서석면 구룡령로 2512,강원소방본부
홍천소방서-양덕원-119 안전센터,37.6122562,127.7704377,강원특별자치도,홍천군,남면 시동로 38,강원소방본부
홍천소방서-현장대응과(홍천)-119 안전센터,37.6915636,127.9022656,강원특별자치도,홍천군,홍천읍 공작산로 99,강원소방본부
삼척소방서-원덕-119 안전센터,37.180051,129.33005,강원특별자치도,삼척시,원덕읍 삼척로 504,강원소방본부
삼척소방서-근덕-119 안전센터,37.3801345,129.2281599,강원특별자치도,삼척시,근덕면 교가길 37,강원소방본부
삼척소방서-도계-119 안전센터,37.2408522,129.04575,강원특별자치도,삼척시,도계읍 도계강변3길 16,강원소방본부
삼척소방서-현장대응과(남양)-119 안전센터,37.4468677,129.1707633,강원특별자치도,삼척시,봉황로 101,강원소방본부
속초소방서-설악-119 안전센터,38.1661644,128.5253719,강원특별자치도,속초시,청봉로5길 37,강원소방본부
속초소방서-영랑-119 안전센터,38.1958059,128.5773493,강원특별자치도,속초시,동해대로 4219,강원소방본부
속초소방서-현장대응과(노학)-119 안전센터,38.2036833,128.5601889,강원특별자치도,속초시,미시령로 3226,강원소방본부
태백소방서-화전-119 안전센터,37.1806263,128.984325,강원특별자치도,태백시,태백로 814,강원소방본부
태백소방서-철암-119 안전센터,37.1210271,129.044225,강원특별자치도,태백시,동태백로 552,강원소방본부
태백소방서-태백_장성-119 안전센터,37.1034453,129.0080219,강원특별자치도,태백시,석공길 16-9,강원소방본부
태백소방서-현장대응과(황지)-119 안전센터,37.1585158,128.9893395,강원특별자치도,태백시,태백로 1120,강원소방본부
동해소방서-북평-119 안전센터,37.4716971,129.1431527,강원특별자치도,동해시,공단1로 21,강원소방본부
동해소방서-북삼-119 안전센터,37.4893599,129.1068782,강원특별자치도,동해시,효자남길 33-10,강원소방본부
동해소방서-묵호-119 안전센터,37.5516043,129.1106571,강원특별자치도,동해시,일출로 29,강원소방본부
동해소방서-현장대응과(천곡)-119 안전센터,37.5246394,129.1184909,강원특별자치도,동해시,천곡로 120,강원소방본부
강릉소방서-강릉_옥계-119 안전센터,37.6023162,129.0301545,강원특별자치도,강릉시,옥계면 현내시장길 163,강원소방본부
강릉소방서-포남-119 안전센터,37.7723012,128.9128895,강원특별자치도,강릉시,하평2길 23,강원소방본부
강릉소방서-주문진-119 안전센터,37.8740036,128.8316215,강원특별자치도,강릉시,연곡면 연주로 226,강원소방본부
강릉소방서-내곡-119 안전센터,37.7447454,128.8846775,강원특별자치도,강릉시,범일로 660,강원소방본부
강릉소방서-경포-119 안전센터,37.8050228,128.9052478,강원특별자치도,강릉시,해안로 502,강원소방본부
원주소방서-흥업-119 안전센터,37.1661206,127.8842321,강원특별자치도,원주시,귀래면 북원로 53-5,강원소방본부
원주소방서-문막-119 안전센터,37.3034823,127.8145737,강원특별자치도,원주시,문막읍 문막시장1길 90,강원소방본부
원주소방서-원주_신림-119 안전센터,37.2297571,128.079015,강원특별자치도,원주시,신림면 치악로 27,강원소방본부
원주소방서-현장대응과(명륜)-119 안전센터,37.328358,127.944363,강원특별자치도,원주시,남원로 487,강원소방본부
춘천소방서-신북-119 안전센터,37.9284536,127.7512506,강원특별자치도,춘천시,신북읍 신북로 35,강원소방본부
춘천소방서-강촌-119 안전센터,37.7852337,127.6474569,강원특별자치도,춘천시,남산면 소주고개로 680,강원소방본부
춘천소방서-석사-119 안전센터,37.8461967,127.7711482,강원특별자치도,춘천시,동내면 고은길9,강원소방본부
춘천소방서-춘천_효자-119 안전센터,37.8710328,127.7263561,강원특별자치도,춘천시,효명길 8,강원소방본부
춘천소방서-소양-119 안전센터,37.882111,127.7244645,강원특별자치도,춘천시,금강로 15,강원소방본부
춘천소방서-현장대응과(후평)-119 안전센터,37.889424,127.7433,강원특별자치도,춘천시,후석로 446,강원소방본부
연천소방서-연천-119 안전센터,38.0994716,127.0768715,경기도,연천군,연천읍 차현로 92,경기북부소방재난본부
연천소방서-전곡-119 안전센터,38.0162574,127.0719869,경기도,연천군,전곡읍 전곡로 27,경기북부소방재난본부
연천소방서-은대-119 안전센터,38.0482463,127.0683901,경기도,연천군,전곡읍 평화로 892,경기북부소방재난본부
가평소방서-조종면-119 안전센터,37.8161608,127.3498024,경기도,,조종면 현창로 14,경기북부소방재난본부
가평소방서-가평-119 안전센터,37.8232947,127.5165809,경기도,,가평읍 가화로 36,경기북부소방재난본부
동두천소방서-소요-119 안전센터,37.9464081,127.0651326,경기도,동두천시,평화로 2910번길 65(상봉암동),경기북부소방재난본부
동두천소방서-불현-119 안전센터,37.8922941,127.0476176,경기도,동두천시,지행로 6(지행동),경기북부소방재난본부
양주소방서-장흥-119 안전센터,37.7120455,126.9362472,경기도,,장흥면 일영로 794,경기북부소방재난본부
양주소방서-남면-119 안전센터,37.9017492,126.9864603,경기도,,남면 삼육사로 247,경기북부소방재난본부
양주소방서-고읍-119 안전센터,37.8019333,127.06975,경기도,,고덕로 266,경기북부소방재난본부
양주소방서-광적-119 안전센터,37.8234855,126.9815412,경기도,,광적면 광적로 55,경기북부소방재난본부
양주소방서-회천-119 안전센터,37.8461987,127.055575,경기도,,화합로 1272,경기북부소방재난본부
양주소방서-백석-119 안전센터,37.795763,126.9893738,경기도,,백석읍 꿈나무로 156,경기북부소방재난본부
포천소방서-영중-119 안전센터,37.9985344,127.2427035,경기도,포천시,영중면 양문로 66,경기북부소방재난본부
포천소방서-내촌-119 안전센터,37.7904076,127.2305042,경기도,포천시,내촌면 내촌로 120,경기북부소방재난본부
포천소방서-가산-119 안전센터,37.8485321,127.194475,경기도,포천시,포천로 890,경기북부소방재난본부
포천소방서-일동-119 안전센터,37.9480881,127.3099586,경기도,포천시,일동면 영일로 978,경기북부소방재난본부
포천소방서-영북-119 안전센터,38.0871144,127.2754167,경기도,포천시,영북면 영북로 144,경기북부소방재난본부
포천소방서-소흘-119 안전센터,37.836111,127.1317566,경기도,포천시,소흘읍 송우로 182(송우리 576-1),경기북부소방재난본부
포천소방서-군내-119 안전센터,37.8913983,127.2025465,경기도,포천시,군내면 호국로 1538,경기북부소방재난본부
구리소방서-인창-119 안전센터,37.6041404,127.1419625,경기도,구리시,건원대로 34번길 28 인창119안전센터,경기북부소방재난본부
구리소방서-교문-119 안전센터,37.5982996,127.1278435,경기도,구리시,아차산로 487번길 46 교문119안전센터,경기북부소방재난본부
천안서북소방서-서부-119 안전센터,36.8122597,127.1387958,충청남도,천안시 서북구,양지18길 22,충남소방본부
천안서북소방서-성거-119 안전센터,36.8833453,127.2078642,충청남도,천안시 서북구,성거읍 천흥8길 11,충남소방본부
천안서북소방서-차암-119 안전센터,36.8625095,127.1160297,충청남도,천안시 서북구,직산읍 4산단 2길 32,충남소방본부
천안동남소방서-병천-119 안전센터,36.7641688,127.3010448,충청남도,천안시 동남구,병천면 아우내순대길 78,충남소방본부
천안동남소방서-독립-119 안전센터,36.7814917,127.2216625,충청남도,천안시 동남구,목천읍 삼방로 95,충남소방본부
천안동남소방서-청당-119 안전센터,36.7006077,127.1108469,충청남도,천안시 동남구,광덕면 신흥리1길 148,충남소방본부
천안동남소방서-구성-119 안전센터,36.7998721,127.1653741,충청남도,천안시 동남구,천안대로 580,충남소방본부
단양소방서-매포-119 안전센터,37.0311068,128.2948283,충청북도,단양군,매포읍 평동4로 79,충북소방본부
단양소방서-단양_중앙-119 안전센터,36.9861842,128.3677181,충청북도,단양군,단양읍 중앙1로 29,충북소방본부
음성소방서-감곡-119 안전센터,37.1120321,127.6440625,충청북도,음성군,감곡면 음성로 2652,충북소방본부
음성소방서-대소-119 안전센터,36.9695513,127.486,충청북도,음성군,대소면 오산로 74,충북소방본부
음성소방서-음성-119 안전센터,36.930219,127.6784717,충청북도,음성군,음성읍 음성로 122,충북소방본부
음성소방서-음성_중앙-119 안전센터,36.9896677,127.5952281,충청북도,음성군,금왕읍 응천서길 11,충북소방본부
괴산소방서-괴산_중앙-119 안전센터,36.8075933,127.8013959,충청북도,괴산군,괴강로 69,충북소방본부
진천소방서-진천_덕산-119 안전센터,36.8992691,127.5106377,충청북도,진천군,덕산면 초금로 606-1,충북소방본부
진천소방서-광혜원-119 안전센터,36.9918062,127.4367307,충청북도,진천군,광혜원면 화랑길 99,충북소방본부
진천소방서-진천_중앙-119 안전센터,36.8728097,127.4410784,충청북도,진천군,진천읍 진광로 93,충북소방본부
증평소방서-증평_중앙-119 안전센터,36.7878912,127.5838223,충청북도,,증평읍 충청대로 1789,충북소방본부
영동소방서-황간-119 안전센터,36.235293,127.9039,충청북도,영동군,황간면 황간로 132,충북소방본부
영동소방서-영동_중앙-119 안전센터,36.1656657,127.7890123,충청북도,영동군,영동읍 영동황간로 174,충북소방본부
옥천소방서-청산-119 안전센터,36.3450498,127.7813228,충청북도,옥천군,청산면 남부로 2306,충북소방본부
옥천소방서-옥천_중앙-119 안전센터,36.3079508,127.5742761,충청북도,옥천군,옥천읍 중앙로 132,충북소방본부
보은소방서-구병산-119 안전센터,36.4355732,127.8174267,충청북도,보은군,마로면 관기 송현로 78,충북소방본부
보은소방서-속리산-119 안전센터,36.5321025,127.8237383,충청북도,보은군,속리산면 법주사로 278,충북소방본부
보은소방서-보은_중앙-119 안전센터,36.4769632,127.7221438,충청북도,보은군,보은읍 남부로 4415,충북소방본부
제천소방서-제천_봉양-119 안전센터,37.1315909,128.1286748,충청북도,제천시,봉양읍 북부로1433,충북소방본부
제천소방서-화산-119 안전센터,37.1186628,128.2040773,충청북도,제천시,강명길 17,충북소방본부
제천소방서-제천_중앙-119 안전센터,37.16059,128.2128,충청북도,제천시,신죽하로 164,충북소방본부
충주소방서-연수-119 안전센터,36.9828079,127.9353734,충청북도,충주시,연수동 454-30,충북소방본부
충주소방서-앙성-119 안전센터,37.108693,127.752216,충청북도,충주시,앙성면 가곡로 1019,충북소방본부
충주소방서-수안보-119 안전센터,36.8470755,127.9941083,충청북도,충주시,수안보면 관동길 9-7,충북소방본부
충주소방서-충주_남부-119 안전센터,36.9592335,127.9279495,충청북도,충주시,호암대로 13,충북소방본부
충주소방서-충주_중앙-119 안전센터,37.0032917,127.9211,충청북도,충주시,목행산단7로 9,충북소방본부
서부소방서_충북-남이-119 안전센터,36.5307207,127.4287783,충청북도,청주시 서원구,청남로 866,충북소방본부
서부소방서_충북-서부(충북)_사직-119 안전센터,36.6378228,127.4723282,충청북도,청주시 서원구,사직대로 229,충북소방본부
서부소방서_충북-서부(충북)_남부-119 안전센터,36.6040265,127.4704346,충청북도,청주시 서원구,산미로 70,충북소방본부
서부소방서_충북-복대-119 안전센터,36.6398817,127.4396546,충청북도,청주시 흥덕구,공단로 93,충북소방본부
서부소방서_충북-서부(충북)_중앙-119 안전센터,36.62729,127.43695,충청북도,청주시 흥덕구,가경로 143,충북소방본부
동부소방서_충북-오창-119 안전센터,36.71281,127.4324718,충청북도,청주시 청원구,오창읍 중심상업2로 30,충북소방본부
동부소방서_충북-내수-119 안전센터,36.7245899,127.5389913,충청북도,청주시 청원구,내수읍 청암로80,충북소방본부
동부소방서_충북-문의-119 안전센터,36.5173082,127.496528,충청북도,청주시 상당구,문의면 문의시내1길 8,충북소방본부
동부소방서_충북-북문-119 안전센터,36.64329,127.489938,충청북도,청주시 상당구,상당로 168,충북소방본부
동부소방서_충북-율량-119 안전센터,36.6658468,127.4904891,충청북도,청주시 청원구,율봉로202번길 66-2,충북소방본부
동부소방서_충북-동부(충북)_중앙-119 안전센터,36.6209601,127.494848,충청북도,청주시 상당구,영운로 61,충북소방본부
양양소방서-방호구조과(양양)-119 안전센터,38.0674264,128.6224396,강원특별자치도,양양군,양양읍 남대천로 33,강원소방본부
고성소방서-거진-119 안전센터,38.4410185,128.4526906,강원특별자치도,고성군,거진읍 수외길 19,강원소방본부
고성소방서-동광-119 안전센터,38.2811849,128.5492178,강원특별자치도,고성군,토성면 동해대로 5320,강원소방본부
고성소방서-방호구조과(간성)-119 안전센터,38.3769921,128.4738364,강원특별자치도,고성군,간성읍 수성로 37-11,강원소방본부
인제소방서-기린-119 안전센터,37.9616761,128.3206439,강원특별자치도,인제군,기린면 내린천로 4100,강원소방본부
인제소방서-원통-119 안전센터,38.126176,128.2135799,강원특별자치도,인제군,북면 원통로 276,강원소방본부
인제소방서-방호구조과(인제)-119 안전센터,38.0614106,128.168508,강원특별자치도,인제군,인제읍 비봉로 44번길 71,강원소방본부
철원소방서-갈말-119 안전센터,38.1521725,127.3070147,강원특별자치도,철원군,갈말읍 명성로 229,강원소방본부
철원소방서-김화-119 안전센터,38.245421,127.4353237,강원특별자치도,철원군,서면 약수로 76,강원소방본부
철원소방서-동송-119 안전센터,38.2107647,127.2161308,강원특별자치도,철원군,동송읍 금학로 251길 17,강원소방본부
철원소방서-방호구조과(갈말)-119 안전센터,38.1855846,127.323525,강원특별자치도,철원군,갈말읍 태봉로 1504,강원소방본부
정선소방서-사북-119 안전센터,37.224175,128.8156283,강원특별자치도,정선군,사북읍 하이원길 29,강원소방본부
정선소방서-임계-119 안전센터,37.4951465,128.8529298,강원특별자치도,정선군,임계면 송계4길 9,강원소방본부
정선소방서-고한-119 안전센터,37.1949013,128.869425,강원특별자치도,정선군,고한읍 강원남로 6455,강원소방본부
정선소방서-신동-119 안전센터,37.2208853,128.647282,강원특별자치도,정선군,신동읍 의림로 342,강원소방본부
정선소방서-방호구조과(정선)-119 안전센터,37.3797392,128.6718684,강원특별자치도,정선군,녹송로 27,강원소방본부
평창소방서-대관령-119 안전센터,37.6725459,128.7012598,강원특별자치도,평창군,대관령면 올림픽로 62-20,강원소방본부
평창소방서-대화-119 안전센터,37.5031563,128.4542482,강원특별자치도,평창군,대화면 평창대로 934,강원소방본부
평창소방서-봉평-119 안전센터,37.6124585,128.3776755,강원특별자치도,평창군,봉평면 기풍로 107-6,강원소방본부
전주덕진소방서-금암-119 안전센터,35.8421216,127.1363781,전북특별자치도,전주시 덕진구,백제대로 611,전북소방본부
청양소방서-정산-119 안전센터,36.4166596,126.9479615,충청남도,청양군,정산면 서정4길 49,충남소방본부
청양소방서-청양-119 안전센터,36.451623,126.7924514,충청남도,청양군,청양읍 충절로 1187,충남소방본부
태안소방서-근흥-119 안전센터,36.6824865,126.1474251,충청남도,태안군,근흥면 신진도리 249,충남소방본부
태안소방서-원북-119 안전센터,36.8356519,126.2723911,충청남도,태안군,원북면 원이로 1031,충남소방본부
태안소방서-안면-119 안전센터,36.5158834,126.3480905,충청남도,태안군,안면읍 장터로 77,충남소방본부
태안소방서-태안_태안-119 안전센터,36.758023,126.2861164,충청남도,태안군,태안읍 동백로 100,충남소방본부
예산소방서-예산_덕산-119 안전센터,36.7048766,126.67316,충청남도,예산군,덕산면 도청대로 1160,충남소방본부
예산소방서-삽교-119 안전센터,36.6889797,126.73836,충청남도,예산군,삽교읍 삽교로1길 34,충남소방본부
예산소방서-예산_금오-119 안전센터,36.6785008,126.8271646,충청남도,예산군,예산읍 예당관광로 760,충남소방본부
예산소방서-오가-119 안전센터,36.686551,126.801863,충청남도,예산군,오가면 오가중앙로 111,충남소방본부
홍성소방서-내포-119 안전센터,36.6473146,126.677031,충청남도,홍성군,홍북읍 의향로 133,충남소방본부
홍성소방서-갈산-119 안전센터,36.599884,126.5543207,충청남도,홍성군,갈산면 갈산로150번길 16,충남소방본부
홍성소방서-광천-119 안전센터,36.5140504,126.6224516,충청남도,홍성군,광천읍 충서로 354,충남소방본부
홍성소방서-옥암-119 안전센터,36.5888972,126.657524,충청남도,홍성군,홍성읍 충서로 1258,충남소방본부
홍성소방서-구룡-119 안전센터,36.5851995,126.6957647,충청남도,홍성군,홍성읍 충절로 741,충남소방본부
서천소방서-서면-119 안전센터,36.1631701,126.5315504,충청남도,서천군,서면 부사로 153,충남소방본부
서천소방서-비인-119 안전센터,36.1383063,126.605199,충청남도,서천군,비인면 비인로 141,충남소방본부
서천소방서-한산-119 안전센터,36.0831596,126.8061096,충청남도,서천군,한산면 충절로 1164,충남소방본부
서천소방서-서천-119 안전센터,36.0768754,126.6885429,충청남도,서천군,서천읍 충절로49번길 33-8,충남소방본부
서천소방서-서천_장항-119 안전센터,36.0135196,126.6830247,충청남도,서천군,장항읍 장항로 37,충남소방본부
부여소방서-외산-119 안전센터,36.301986,126.705837,충청남도,부여군,외산면 만수로 235,충남소방본부
부여소방서-홍산-119 안전센터,36.2181805,126.7553968,충청남도,부여군,홍산면 북토로 89,충남소방본부
부여소방서-임천-119 안전센터,36.1841702,126.8965051,충청남도,부여군,임천면 성흥로 179번길 1,충남소방본부
부여소방서-사비-119 안전센터,36.2858917,126.9269558,충청남도,부여군,부여읍 북포로 29,충남소방본부
부여소방서-백제-119 안전센터,36.2749958,126.8822443,충청남도,부여군,규암면 계백로 17,충남소방본부
금산소방서-복진-119 안전센터,36.143224,127.3683718,충청남도,금산군,진산면 읍내로 47-1,충남소방본부
금산소방서-추부-119 안전센터,36.1939742,127.4682501,충청남도,금산군,추부면 삼육로 47,충남소방본부
금산소방서-금산_금산-119 안전센터,36.099909,127.4801011,충청남도,금산군,금산읍 삼풍로 2,충남소방본부
당진소방서-기지시-119 안전센터,36.9084944,126.6908287,충청남도,당진시,송악읍 틀모시로 844,충남소방본부
당진소방서-당진_신평-119 안전센터,36.8810741,126.7771497,충청남도,당진시,신평면 신평길 133,충남소방본부
당진소방서-석문-119 안전센터,36.9851984,126.5887176,충청남도,당진시,석문면 보덕포로 1069-21,충남소방본부
당진소방서-송악-119 안전센터,36.9601607,126.7682725,충청남도,당진시,송악읍 송악로 1019,충남소방본부
당진소방서-합덕-119 안전센터,36.8128036,126.7666745,충청남도,당진시,우강면 중방로 2,충남소방본부
당진소방서-당진-119 안전센터,36.8860342,126.6177418,충청남도,당진시,역천로 838(채운동),충남소방본부
계룡소방서-계룡-119 안전센터,36.2619827,127.2744311,충청남도,계룡시,두마면 사계로 170,충남소방본부
논산소방서-논산_연산-119 안전센터,36.2124649,127.1827843,충청남도,논산시,연산면 관창로 54,충남소방본부
논산소방서-연무-119 안전센터,36.1264134,127.1282714,충청남도,논산시,연무읍 동안로 1137,충남소방본부
논산소방서-강경-119 안전센터,36.157867,127.0181811,충청남도,논산시,강경읍 동안로 3,충남소방본부
논산소방서-반월-119 안전센터,36.2044626,127.0841448,충청남도,논산시,해월로 153-1,충남소방본부
논산소방서-논산_내동-119 안전센터,36.1782935,127.10039,충청남도,논산시,대학로 17,충남소방본부
서산소방서-성연-119 안전센터,36.8259577,126.4471183,충청남도,서산시,성연면 일람리 1071,충남소방본부
서산소방서-부석-119 안전센터,36.7174959,126.3936929,충청남도,서산시,부석면 강경벌로 10,충남소방본부
서산소방서-해미-119 안전센터,36.7100555,126.5426,충청남도,서산시,해미면 성지3길 33,충남소방본부
서산소방서-서산_동부-119 안전센터,36.789833,126.45905,충청남도,서산시,학동3로53(동문동),충남소방본부
서산소방서-서산_대산-119 안전센터,36.9408765,126.4395624,충청남도,서산시,대산읍 망일산로 831-15,충남소방본부
서산소방서-서산_예천-119 안전센터,36.7733417,126.444925,충청남도,서산시,호수공원 14로 26-4(예천동),충남소방본부
아산소방서-배방-119 안전센터,36.77386,127.0540705,충청남도,아산시,배방읍 배방로 38,충남소방본부
아산소방서-인주-119 안전센터,36.8804849,126.9100102,충청남도,아산시,인주면 공세길 19,충남소방본부
아산소방서-신창-119 안전센터,36.7712579,126.9354029,충청남도,아산시,신창면 순천향로 48,충남소방본부
아산소방서-둔포-119 안전센터,36.9314596,127.042875,충청남도,아산시,둔포면 충무로 1848,충남소방본부
아산소방서-모종-119 안전센터,36.7867187,127.0163173,충청남도,아산시,문화로 293,충남소방본부
보령소방서-주포-119 안전센터,36.4152519,126.5875304,충청남도,보령시,주포면 질재로 47-16,충남소방본부
보령소방서-오천-119 안전센터,36.4385829,126.5219963,충청남도,보령시,오천면 소성안길 47,충남소방본부
보령소방서-웅천-119 안전센터,36.2351103,126.5971681,충청남도,보령시,웅천읍 충서로 947,충남소방본부
보령소방서-신흑-119 안전센터,36.3168459,126.5143085,충청남도,보령시,대천항로 205,충남소방본부
보령소방서-죽정-119 안전센터,36.3565891,126.6057898,충청남도,보령시,대천로 122,충남소방본부
공주소방서-공주_계룡-119 안전센터,36.3613499,127.1414197,충청남도,공주시,계룡면 월암송정길 18,충남소방본부
공주소방서-동학사-119 안전센터,36.3637401,127.2539972,충청남도,공주시,반포면 동학사1로 110,충남소방본부
공주소방서-신관-119 안전센터,36.4749182,127.129775,충청남도,공주시,의당로 31,충남소방본부
공주소방서-유구-119 안전센터,36.5399407,126.9459625,충청남도,공주시,유구읍 유구외곽로 368,충남소방본부
공주소방서-공주_교동-119 안전센터,36.4594492,127.1083497,충청남도,공주시,무령로 55,충남소방본부
천안서북소방서-입장-119 안전센터,36.9090297,127.2272769,충청남도,천안시 서북구,망향로 1107,충남소방본부
천안서북소방서-쌍용-119 안전센터,36.7975937,127.1182993,충청남도,천안시 서북구,월봉로 78,충남소방본부
천안서북소방서-성환-119 안전센터,36.9277027,127.1312601,충청남도,천안시 서북구,성환읍 성환1로 395,충남소방본부
순천소방서-왕조-119 안전센터,34.9526529,127.5247395,전라남도,순천시,기적의도서관 1길 30,전남소방본부
순천소방서-저전-119 안전센터,34.9480862,127.4865431,전라남도,순천시,중앙로 19,전남소방본부
순천소방서-서면-119 안전센터,34.9866763,127.503975,전라남도,순천시,서면 삼산로 281,전남소방본부
여수소방서-돌산-119 안전센터,34.7186602,127.7501594,전라남도,여수시,돌산읍 강남로 34,전남소방본부
여수소방서-봉산-119 안전센터,34.7302074,127.7301509,전라남도,여수시,어항단지로 222-5(남산동),전남소방본부
여수소방서-여서-119 안전센터,34.7565083,127.7080875,전라남도,여수시,문수로 131(문수동),전남소방본부
여수소방서-연등-119 안전센터,34.754775,127.726675,전라남도,여수시,좌수영로 162(연등동),전남소방본부
여수소방서-평여-119 안전센터,34.8109122,127.6703169,전라남도,여수시,여수산단로 321(평여동),전남소방본부
여수소방서-소라-119 안전센터,34.8310224,127.6145657,전라남도,여수시,소라면 여순로 297,전남소방본부
여수소방서-학동-119 안전센터,34.76006,127.6651528,전라남도,여수시,망마로 20,전남소방본부
목포소방서-안좌-119 안전센터,34.75727,126.1240414,전라남도,신안군,안좌면 중부로 884,전남소방본부
목포소방서-지도-119 안전센터,35.0588332,126.2049612,전라남도,신안군,지도읍 해제지도로 1304,전남소방본부
목포소방서-연산-119 안전센터,34.818771,126.3777237,전라남도,목포시,산정공단로 64,전남소방본부
목포소방서-삼학-119 안전센터,34.7901662,126.406754,전라남도,목포시,삼학로 218,전남소방본부
목포소방서-경동-119 안전센터,34.7855691,126.3806872,전라남도,목포시,유동로 42번길 1,전남소방본부
목포소방서-호남-119 안전센터,34.7971333,126.3879875,전라남도,목포시,영산로 165,전남소방본부
무진장소방서-장수-119 안전센터,35.6499145,127.5212407,전북특별자치도,장수군,호비로 42,전북소방본부
무진장소방서-무주-119 안전센터,36.0028195,127.6551558,전북특별자치도,무주군,무주읍 당산강변로 126,전북소방본부
무진장소방서-마령-119 안전센터,35.7317555,127.3698239,전북특별자치도,진안군,마령면 임진로 2077-24,전북소방본부
무진장소방서-진안-119 안전센터,35.7964195,127.4347185,전북특별자치도,진안군,진안읍 진무로 1179,전북소방본부
무진장소방서-장계-119 안전센터,35.7322571,127.589538,전북특별자치도,장수군,장계면 육십령로 136,전북소방본부
부안소방서-격포-119 안전센터,35.6200453,126.47063,전북특별자치도,부안군,변산면 격포항길 64-17,전북소방본부
부안소방서-부안-119 안전센터,35.7296126,126.7119964,전북특별자치도,부안군,행안면 변산로 86,전북소방본부
고창소방서-고창_대산-119 안전센터,35.3398975,126.5983421,전북특별자치도,고창군,대산면 공음대산로 932,전북소방본부
고창소방서-흥덕-119 안전센터,35.5173233,126.7032481,전북특별자치도,고창군,흥덕면 문화2길 21,전북소방본부
고창소방서-무장-119 안전센터,35.4165734,126.5616561,전북특별자치도,고창군,무장면 무장남북로 20-5,전북소방본부
고창소방서-고창-119 안전센터,35.4328166,126.6878348,전북특별자치도,고창군,고창읍 녹두로 1294,전북소방본부
김제소방서-김제_금산-119 안전센터,35.7195645,126.9947134,전북특별자치도,김제시,금산면 금산사로 29,전북소방본부
김제소방서-만경-119 안전센터,35.8576647,126.8168582,전북특별자치도,김제시,만경읍 만경공단1길 7,전북소방본부
김제소방서-김제_교동-119 안전센터,35.7990078,126.8700945,전북특별자치도,김제시,벽성로 278,전북소방본부
남원소방서-순창-119 안전센터,35.3719725,127.1337975,전북특별자치도,순창군,순창읍 교성로 24,전북소방본부
남원소방서-금지-119 안전센터,35.3479137,127.3031294,전북특별자치도,남원시,금지면 요천로 430,전북소방본부
남원소방서-인월-119 안전센터,35.465424,127.602399,전북특별자치도,남원시,인월면 황산로 1828,전북소방본부
남원소방서-식정-119 안전센터,35.436712,127.4168295,전북특별자치도,남원시,요천로 1965,전북소방본부
정읍소방서-영원-119 안전센터,35.6521706,126.7842631,전북특별자치도,정읍시,영원면 영원로 1048,전북소방본부
정읍소방서-신태인-119 안전센터,35.6913586,126.8782291,전북특별자치도,정읍시,정신로 1241,전북소방본부
정읍소방서-시기-119 안전센터,35.5577854,126.8574034,전북특별자치도,정읍시,정읍남로 1421,전북소방본부
정읍소방서-하북-119 안전센터,35.5883098,126.8585211,전북특별자치도,정읍시,서부산업도로 507-5,전북소방본부
익산소방서-금마-119 안전센터,36.0761373,126.972043,전북특별자치도,익산시,함열읍 함열중앙로 133,전북소방본부
익산소방서-함열-119 안전센터,36.0019026,126.9388651,전북특별자치도,익산시,황등면 황등서로 55,전북소방본부
익산소방서-익산_모현-119 안전센터,35.9537295,126.9418022,전북특별자치도,익산시,배산로 181,전북소방본부
익산소방서-인화-119 안전센터,35.9282962,126.9545367,전북특별자치도,익산시,목천로 301,전북소방본부
익산소방서-익산_공단-119 안전센터,35.9471346,126.9769375,전북특별자치도,익산시,선화로 429,전북소방본부
익산소방서-남중-119 안전센터,35.9488441,126.9574688,전북특별자치도,익산시,인북로 226,전북소방본부
익산소방서-팔봉-119 안전센터,35.9623102,127.0052279,전북특별자치도,익산시,무왕로 1338,전북소방본부
군산소방서-대야-119 안전센터,35.9460532,126.820127,전북특별자치도,군산시,대야면 대야관통로 134,전북소방본부
군산소방서-소룡-119 안전센터,35.9744651,126.6786806,전북특별자치도,군산시,공단대로 632,전북소방본부
군산소방서-경암-119 안전센터,35.9817077,126.7356002,전북특별자치도,군산시,구암3.1로 147,전북소방본부
군산소방서-지곡-119 안전센터,35.9591013,126.7047587,전북특별자치도,군산시,백토로 223,전북소방본부
군산소방서-비응-119 안전센터,35.9438034,126.5408563,전북특별자치도,군산시,새만금북로 43,전북소방본부
군산소방서-군산_항만-119 안전센터,35.9713541,126.6281329,전북특별자치도,군산시,임해로 462,전북소방본부
군산소방서-금동-119 안전센터,35.989764,126.7072077,전북특별자치도,군산시,군산창길 1,전북소방본부
군산소방서-사정-119 안전센터,35.9628605,126.7510992,전북특별자치도,군산시,번영로 308 1층,전북소방본부
전주완산소방서-혁신-119 안전센터,35.8321503,127.0234766,전북특별자치도,완주군,이서면 지사제2로 12,전북소방본부
전주완산소방서-평화-119 안전센터,35.7862685,127.1338494,전북특별자치도,전주시 완산구,평화로 105,전북소방본부
전주완산소방서-노송-119 안전센터,35.822319,127.1560795,전북특별자치도,전주시 완산구,관선4길 38,전북소방본부
전주완산소방서-전주완산_교동-119 안전센터,35.8111758,127.15174,전북특별자치도,전주시 완산구,경기전길 183,전북소방본부
전주완산소방서-서부-119 안전센터,35.8148824,127.1022765,전북특별자치도,전주시 완산구,우전로 228,전북소방본부
전주완산소방서-전주완산_효자-119 안전센터,35.7993101,127.1164687,전북특별자치도,전주시 완산구,거마평로 73,전북소방본부
전주덕진소방서-전주덕진_고산-119 안전센터,35.9759488,127.2026117,전북특별자치도,완주군,고산면 고산로 49,전북소방본부
전주덕진소방서-아중-119 안전센터,35.835856,127.1637757,전북특별자치도,전주시 덕진구,진버들4길 16,전북소방본부
전주덕진소방서-봉동-119 안전센터,35.9440862,127.1272764,전북특별자치도,완주군,봉동읍 완주산단5로 89,전북소방본부
전주덕진소방서-삼례-119 안전센터,35.908925,127.070467,전북특별자치도,완주군,삼례읍 삼례역로 27,전북소방본부
전주덕진소방서-전미-119 안전센터,35.8818257,127.1286357,전북특별자치도,전주시 덕진구,과학로 144,전북소방본부
전주덕진소방서-팔복-119 안전센터,35.8505853,127.0822887,전북특별자치도,전주시 덕진구,온고을로 430,전북소방본부
김천소방서- 대광 -119 안전센터,36.1483961,128.1379623,경상북도,김천시,공단로 152-36,경북소방본부
김천소방서- 다수 -119 안전센터,36.1274006,128.072863,경상북도,김천시,영남대로 1246,경북소방본부
김천소방서- 지좌 -119 안전센터,36.1169739,128.1380632,경상북도,김천시,황산로 67,경북소방본부
경주소방서- 건천 -119 안전센터,35.8529154,129.1000625,경상북도,경주시,건천읍 내서로 1065,경북소방본부
경주소방서- 감포 -119 안전센터,35.8070943,129.5012811,경상북도,경주시,감포읍 감포로8길 14-6,경북소방본부
경주소방서- 경주_외동 -119 안전센터,35.7168596,129.327225,경상북도,경주시,외동읍 입실로1길 78-15,경북소방본부
경주소방서- 안강 -119 안전센터,35.9932263,129.2163,경상북도,경주시,안강읍 안강중앙로 146,경북소방본부
경주소방서- 용황 -119 안전센터,35.8753987,129.2171,경상북도,경주시,공단로 25,경북소방본부
경주소방서- 보문 -119 안전센터,35.8349487,129.2871,경상북도,경주시,경감로 587-8,경북소방본부
경주소방서- 불국사 -119 안전센터,35.78385,129.3274875,경상북도,경주시,불국신택지4길 4,경북소방본부
경주소방서- 경주_동부 -119 안전센터,35.845184,129.2113572,경상북도,경주시,중앙로 59,경북소방본부
경주소방서- 황오 -119 안전센터,35.8441404,129.228325,경상북도,경주시,알천남로 276,경북소방본부
포항남부소방서- 울릉 -119 안전센터,37.4841989,130.898164,경상북도,울릉군,울릉읍 울릉순환로 415,경북소방본부
포항남부소방서- 구룡포 -119 안전센터,35.9910264,129.5593892,경상북도,포항시 남구,구룡포읍 호미로 265,경북소방본부
포항남부소방서- 오천 -119 안전센터,35.9627421,129.4095977,경상북도,포항시 남구,오천읍 해병로 369,경북소방본부
포항남부소방서- 효자 -119 안전센터,36.0294554,129.3255323,경상북도,포항시 남구,지곡로212번길 45,경북소방본부
포항남부소방서- 연일 -119 안전센터,35.991618,129.3441,경상북도,포항시 남구,연일읍 철강로 10 (연일119안전센터),경북소방본부
포항남부소방서- 제철 -119 안전센터,35.9784402,129.3782944,경상북도,포항시 남구,철강로 360,경북소방본부
포항남부소방서- 해도 -119 안전센터,36.0235998,129.3686123,경상북도,포항시 남구,중앙로 118,경북소방본부
포항남부소방서- 일월 -119 안전센터,35.993357,129.4189413,경상북도,포항시 남구,동해안로 5890,경북소방본부
포항북부소방서- 장량 -119 안전센터,36.0887462,129.387693,경상북도,포항시 북구,법원로 158,경북소방본부
포항북부소방서- 흥해 -119 안전센터,36.1092057,129.350399,경상북도,포항시 북구,흥해읍 중성로 67,경북소방본부
포항북부소방서- 포항북부_덕산 -119 안전센터,36.0424889,129.3661245,경상북도,포항시 북구,중앙로 332,경북소방본부
영광소방서-홍농-119 안전센터,35.4023761,126.4490196,전라남도,영광군,홍농읍 홍농로 543,전남소방본부
영광소방서-영광-119 안전센터,35.262998,126.5090633,전라남도,영광군,영광읍 함영로 3508,전남소방본부
함평소방서-함평-119 안전센터,35.0524561,126.531043,전라남도,,대동면 함장로 1202-93,전남소방본부
무안소방서-남악-119 안전센터,34.8115198,126.4824986,전라남도,무안군,삼향읍 남악5로72번길81-18,전남소방본부
무안소방서-해제-119 안전센터,35.1124162,126.3010731,전라남도,무안군,해제면 현해로 1621,전남소방본부
무안소방서-일로-119 안전센터,34.8511543,126.4900393,전라남도,무안군,일로읍 삼일로 493-1,전남소방본부
무안소방서-무안-119 안전센터,34.994596,126.4665645,전라남도,무안군,무안읍 공항로 133,전남소방본부
영암소방서-영암-119 안전센터,34.798485,126.686061,전라남도,영암군,영암읍 월출로 46,전남소방본부
영암소방서-삼호-119 안전센터,34.76665,126.4392875,전라남도,영암군,삼호읍 나불로 192,전남소방본부
해남소방서-진도-119 안전센터,34.4730186,126.2472667,전라남도,진도군,진도읍 진도대로 6945,전남소방본부
해남소방서-고금-119 안전센터,34.4028813,126.8252902,전라남도,,고금면 고금동로 266,전남소방본부
해남소방서-완도-119 안전센터,34.3247265,126.741961,전라남도,완도군,완도읍 장보고대로 103,전남소방본부
해남소방서-송지-119 안전센터,34.3779937,126.5222002,전라남도,해남군,송지면 미야길 237-3,전남소방본부
해남소방서-해남-119 안전센터,34.5663365,126.607902,전라남도,해남군,해남읍 교육청길 82,전남소방본부
강진소방서-관산-119 안전센터,34.5649956,126.935376,전라남도,장흥군,관산읍 관산우회로 103,전남소방본부
강진소방서-장흥-119 안전센터,34.6744092,126.9099916,전라남도,장흥군,장흥읍 평화우산길 22,전남소방본부
강진소방서-강진-119 안전센터,34.6428648,126.7805563,전라남도,강진군,군동면 중앙로 223,전남소방본부
화순소방서-능주-119 안전센터,34.9960169,126.9499634,전라남도,화순군,능주면 지석로 1428,전남소방본부
화순소방서-동복-119 안전센터,35.0713857,127.1290623,전라남도,화순군,동복면 칠정1길 14,전남소방본부
화순소방서-화순-119 안전센터,35.0508743,126.9717497,전라남도,화순군,화순읍 학포로 2750,전남소방본부
보성소방서-홍교-119 안전센터,34.8466654,127.3544625,전라남도,보성군,벌교읍 홍암로 116-4,전남소방본부
보성소방서-보성-119 안전센터,34.7700888,127.0800904,전라남도,보성군,보성읍 송재로 160,전남소방본부
보성소방서-벌교-119 안전센터,34.8384641,127.3154896,전라남도,보성군,벌교읍 녹색로 5247,전남소방본부
고흥소방서-도양-119 안전센터,34.5259281,127.1412083,전라남도,고흥군,도양읍 녹동신항5길 4,전남소방본부
고흥소방서-과역-119 안전센터,34.6836183,127.3717007,전라남도,고흥군,과역면 석봉리 1599-1,전남소방본부
고흥소방서-고흥-119 안전센터,34.58155,127.2560125,전라남도,고흥군,풍양면 고흥로 1330,전남소방본부
담양소방서-삼계-119 안전센터,35.2552543,126.6671459,전라남도,장성군,삼계면 영장로 1632,전남소방본부
담양소방서-장성-119 안전센터,35.3204955,126.7997481,전라남도,장성군,장성읍 단풍로 204,전남소방본부
담양소방서-옥과-119 안전센터,35.2745652,127.1374677,전라남도,곡성군,옥과면 리문6길 29,전남소방본부
담양소방서-곡성-119 안전센터,35.2772855,127.2893953,전라남도,곡성군,곡성읍 학교로 7,전남소방본부
담양소방서-담양-119 안전센터,35.3181032,126.9731342,전라남도,담양군,담양읍 추성로 1232,전남소방본부
광양소방서-광영-119 안전센터,34.9587793,127.7203004,전라남도,광양시,금영로 87(광영동),전남소방본부
광양소방서-금호-119 안전센터,34.9366336,127.7253086,전라남도,광양시,희망길 12-12(금호동),전남소방본부
광양소방서-중마-119 안전센터,34.9400659,127.6977236,전라남도,광양시,중마중앙로 109,전남소방본부
나주소방서-이창-119 안전센터,34.9949596,126.7064625,전라남도,나주시,이창택지길 6-13,전남소방본부
나주소방서-경현-119 안전센터,35.027854,126.7098142,전라남도,나주시,예향로 4201,전남소방본부
순천소방서-구례-119 안전센터,35.2024307,127.4700757,전라남도,구례군,구례읍 양정4길 37,전남소방본부
순천소방서-승주-119 안전센터,35.0194333,127.3729,전라남도,순천시,승주읍 승평길 19,전남소방본부
순천소방서-연향-119 안전센터,34.9447788,127.5170904,전라남도,순천시,연향1로 26,전남소방본부
칠곡소방서- 석적 -119 안전센터,36.0735507,128.4237869,경상북도,칠곡군,석적읍 유학로 140,경북소방본부
칠곡소방서- 칠곡_가산 -119 안전센터,36.0458643,128.5204965,경상북도,칠곡군,가산면 다부원1길 57,경북소방본부
칠곡소방서- 칠곡_금산 -119 안전센터,35.9677825,128.4170822,경상북도,칠곡군,왜관읍 공단로 194,경북소방본부
칠곡소방서- 칠곡_북삼 -119 안전센터,36.0668333,128.3373375,경상북도,칠곡군,북삼읍 안산2길 46,경북소방본부
칠곡소방서- 왜관 -119 안전센터,35.99581,128.388162,경상북도,칠곡군,기산면 칠곡대로 1216,경북소방본부
성주소방서- 선남(신설) -119 안전센터,35.8823816,128.3667444,경상북도,성주군,선남면 도성3길 39-17,경북소방본부
성주소방서- 성주 -119 안전센터,35.933968,128.304763,경상북도,성주군,성주읍 주산로 193,경북소방본부
고령소방서- 다산 -119 안전센터,35.8152431,128.4349726,경상북도,고령군,다산면 다산로 506,경북소방본부
고령소방서- 대가야 -119 안전센터,35.7240226,128.268698,경상북도,고령군,대가야읍 벽화길18,경북소방본부
경산소방서- 경산_금천 -119 안전센터,35.6900533,128.895256,경상북도,청도군,금천면 청려로 4363,경북소방본부
경산소방서- 풍각 -119 안전센터,35.6389405,128.6176812,경상북도,청도군,풍각면 송서로 64,경북소방본부
경산소방서- 청도 -119 안전센터,35.64829,128.7632769,경상북도,청도군,청도읍 중앙로 192-34,경북소방본부
영덕소방서- 영해 -119 안전센터,36.5424173,129.395716,경상북도,영덕군,영해면 창수영해로 481,경북소방본부
영덕소방서- 강구 -119 안전센터,36.3514031,129.3747267,경상북도,영덕군,강구면 강산로 38,경북소방본부
영덕소방서- 영덕 -119 안전센터,36.4167177,129.3709949,경상북도,영덕군,영덕읍 경동로 8401,경북소방본부
의성소방서- 의흥 -119 안전센터,36.1767301,128.7139398,경상북도,군위군,의흥면 읍내길 23,경북소방본부
의성소방서- 군위 -119 안전센터,36.2075719,128.5603831,경상북도,군위군,군위읍 군위공단길 65,경북소방본부
의성소방서- 안계 -119 안전센터,36.382774,128.441113,경상북도,의성군,안계면 안계길 100,경북소방본부
의성소방서- 의성 -119 안전센터,36.3582737,128.6991125,경상북도,의성군,의성읍 홍술로 187,경북소방본부
의성소방서- 의성_봉양 -119 안전센터,36.3100667,128.5989,경상북도,의성군,봉양면 경북대로 4741,경북소방본부
경산소방서- 진량 -119 안전센터,35.8712926,128.8268746,경상북도,경산시,진량읍 공단2로 72,경북소방본부
경산소방서- 하양 -119 안전센터,35.9150987,128.8258125,경상북도,경산시,하양읍 대경로 793,경북소방본부
경산소방서- 경산_중앙 -119 안전센터,35.8186917,128.7407375,경상북도,경산시,장산로 143,경북소방본부
경산소방서- 압량 -119 안전센터,35.8385284,128.7696707,경상북도,경산시,압량면 김유신로 12,경북소방본부
문경소방서- 도청(신설) -119 안전센터,36.5758436,128.4679449,경상북도,예천군,호명면 도청대로 19,경북소방본부
문경소방서- 지보 -119 안전센터,36.538492,128.38275,경상북도,예천군,지보면 지보로 247,경북소방본부
문경소방서- 문경_예천 -119 안전센터,36.6481431,128.4634264,경상북도,예천군,예천읍 양궁로 61-12,경북소방본부
문경소방서- 문경 -119 안전센터,36.7348329,128.1025116,경상북도,문경시,문경읍 새재로 501,경북소방본부
문경소방서- 가은 -119 안전센터,36.6422225,128.0626848,경상북도,문경시,가은읍 가은로 126,경북소방본부
문경소방서- 모전 -119 안전센터,36.5962674,128.1879504,경상북도,문경시,모전로 173,경북소방본부
문경소방서- 점촌 -119 안전센터,36.6103491,128.2097175,경상북도,문경시,중앙로 305,경북소방본부
상주소방서- 화서(신설) -119 안전센터,36.4462654,127.9481595,경상북도,상주시,화서면 상현무동길 5,경북소방본부
상주소방서- 청리 -119 안전센터,36.3184917,128.126225,경상북도,상주시,청리면 마공공단로 152,경북소방본부
상주소방서- 함창 -119 안전센터,36.5664733,128.1783932,경상북도,상주시,함창읍 가야로 46-1,경북소방본부
상주소방서- 서성 -119 안전센터,36.4196428,128.159516,경상북도,상주시,상산로 322,경북소방본부
영천소방서- 영천_금호 -119 안전센터,35.9137904,128.8874625,경상북도,영천시,금호읍 오계공단길 5,경북소방본부
영천소방서- 영천_동부 -119 안전센터,35.9775633,128.9577514,경상북도,영천시,호국로 187,경북소방본부
영주소방서- 명호 -119 안전센터,36.8582283,128.901743,경상북도,봉화군,명호면 도천길 18-46,경북소방본부
영주소방서- 춘양 -119 안전센터,36.9218064,128.9209069,경상북도,봉화군,춘양면 소천로 22,경북소방본부
영주소방서- 봉화 -119 안전센터,36.8999836,128.7354965,경상북도,봉화군,봉화읍 문수로 42,경북소방본부
영주소방서- 풍기 -119 안전센터,36.8732235,128.5191304,경상북도,영주시,풍기읍 기주로 159,경북소방본부
영주소방서- 가흥 -119 안전센터,36.8207832,128.6190117,경상북도,영주시,선비로 181,경북소방본부
영주소방서- 문수 -119 안전센터,36.7919351,128.6331219,경상북도,영주시,문수면 적서로448번길17,경북소방본부
구미소방서- 고아 -119 안전센터,36.1996124,128.3394372,경상북도,구미시,고아읍 선산대로 821,경북소방본부
구미소방서- 구미_옥계 -119 안전센터,36.1389071,128.4394,경상북도,구미시,산동면 산호대로41길 4,경북소방본부
구미소방서- 상림 -119 안전센터,36.0901054,128.3603804,경상북도,구미시,상림로 45,경북소방본부
구미소방서- 해평 -119 안전센터,36.1988929,128.3911125,경상북도,구미시,해평면 강동로 1663,경북소방본부
구미소방서- 선산 -119 안전센터,36.2394263,128.3049875,경상북도,구미시,선산읍 선산대로 1400-13,경북소방본부
구미소방서- 인동 -119 안전센터,36.1061039,128.4183815,경상북도,구미시,이계북로 147,경북소방본부
구미소방서- 구미_봉곡 -119 안전센터,36.1546317,128.3153912,경상북도,구미시,봉곡동로 48,경북소방본부
구미소방서- 원평 -119 안전센터,36.1287458,128.340594,경상북도,구미시,산업로 174,경북소방본부
구미소방서- 구미_송정 -119 안전센터,36.1142427,128.3510575,경상북도,구미시,백산로 207,경북소방본부
나주소방서-빛가람-119 안전센터,35.0131156,126.7960434,전라남도,나주시,그린로 296,전남소방본부
구미소방서- 구미_공단 -119 안전센터,36.110565,128.376463,경상북도,구미시,수출대로 112,경북소방본부
안동소방서- 안동_입암 -119 안전센터,36.5980987,129.0870875,경상북도,영양군,입암면 입암로 153,경북소방본부
안동소방서- 진보 -119 안전센터,36.5212831,129.0395377,경상북도,청송군,진보면 청송로 6346,경북소방본부
안동소방서- 영양 -119 안전센터,36.6595421,129.1164169,경상북도,영양군,영양읍 군민회관길 42-14,경북소방본부
안동소방서- 청송 -119 안전센터,36.4338912,129.0418702,경상북도,청송군,청송읍 길안청송로 1630,경북소방본부
안동소방서- 안동_옥동 -119 안전센터,36.5587276,128.694259,경상북도,안동시,광명로 85,경북소방본부
안동소방서- 풍산 -119 안전센터,36.5803512,128.5818934,경상북도,안동시,풍산읍 풍산태사로 1162,경북소방본부
안동소방서- 용상 -119 안전센터,36.5507917,128.7617375,경상북도,안동시,마들6길 27,경북소방본부
안동소방서- 법흥 -119 안전센터,36.5610479,128.7373187,경상북도,안동시,육사로 301,경북소방본부
김천소방서- 아포 -119 안전센터,36.1665883,128.2549882,경상북도,김천시,아포읍 아포공단길 45,경북소방본부
김천소방서- 지례 -119 안전센터,35.9900642,128.0305826,경상북도,김천시,지례면 장터길 115,경북소방본부
거창소방서-위천-119 안전센터,35.7492412,127.8326884,경상남도,거창군,위천면 원학길 321,경남소방본부
거창소방서-대평-119 안전센터,35.6778157,127.923258,경상남도,거창군,거창읍 거함대로 3324,경남소방본부
함양소방서-안의-119 안전센터,35.6291646,127.8103657,경상남도,함양군,안의면 금성길 19,경남소방본부
함양소방서-함양-119 안전센터,35.5099728,127.732318,경상남도,함양군,함양읍 인당 강변길 58,경남소방본부
산청소방서-단성-119 안전센터,35.2978051,127.9583312,경상남도,산청군,단성면 사직단로 447-8,경남소방본부
산청소방서-산청-119 안전센터,35.4152328,127.883415,경상남도,산청군,산청읍 중앙로 76-7,경남소방본부
하동소방서-진교-119 안전센터,35.0254164,127.9012773,경상남도,하동군,진교면 진양로 27,경남소방본부
하동소방서-하동-119 안전센터,35.0621457,127.7743417,경상남도,하동군,적량면 공설운동장로 169,경남소방본부
하동소방서-금성-119 안전센터,34.9779414,127.7955629,경상남도,하동군,금성면 금성로 15,경남소방본부
남해소방서-삼동-119 안전센터,34.8296989,128.0060976,경상남도,남해군,삼동면 동부대로 1795,경남소방본부
남해소방서-남해-119 안전센터,34.8292456,127.8927337,경상남도,남해군,남해읍 스포츠로 81,경남소방본부
고성소방서-거류-119 안전센터,35.0011933,128.4029005,경상남도,고성군,거류면 봉암 1길 9,경남소방본부
고성소방서-고성-119 안전센터,34.9811871,128.3308053,경상남도,고성군,고성읍 남해안대로 2670,경남소방본부
창녕소방서-부곡-119 안전센터,35.4376812,128.5887644,경상남도,창녕군,부곡면 원앙로 184,경남소방본부
창녕소방서-남지-119 안전센터,35.3949422,128.4809099,경상남도,창녕군,남지읍 동포로 64,경남소방본부
창녕소방서-창녕-119 안전센터,35.5504487,128.4791275,경상남도,창녕군,대지면 우포2로 1097,경남소방본부
함안소방서-군북-119 안전센터,35.2645621,128.3432835,경상남도,함안군,군북면 함마대로 760,경남소방본부
함안소방서-칠원-119 안전센터,35.3118526,128.5138627,경상남도,함안군,칠원읍 용산2길 121,경남소방본부
함안소방서-가야-119 안전센터,35.2862569,128.4000954,경상남도,함안군,가야읍 선왕길 59,경남소방본부
의령소방서-부림-119 안전센터,35.4637394,128.3147269,경상남도,의령군,부림면 대한로 1666,경남소방본부
의령소방서-의령-119 안전센터,35.3194971,128.2483146,경상남도,의령군,의령읍 의병로 108-17,경남소방본부
양산소방서-평산-119 안전센터,35.3750205,129.1468574,경상남도,양산시,내연4길 9,경남소방본부
양산소방서-중부-119 안전센터,35.3373286,129.028969,경상남도,양산시,양산역 6길 27,경남소방본부
양산소방서-하북-119 안전센터,35.4631405,129.0801792,경상남도,양산시,하북면 양산대로 2255-38,경남소방본부
양산소방서-물금-119 안전센터,35.3343154,129.0105125,경상남도,양산시,물금읍 황산로 719,경남소방본부
양산소방서-웅상-119 안전센터,35.3979787,129.1624897,경상남도,양산시,웅상대로 1120,경남소방본부
양산소방서-중앙-119 안전센터,35.3521171,129.0424488,경상남도,양산시,신기로 13,경남소방본부
거제소방서-동부-119 안전센터,34.7753658,128.6413144,경상남도,거제시,동부면 거제대로 957,경남소방본부
거제소방서-연초-119 안전센터,34.9122487,128.6526375,경상남도,거제시,연초면 거제북로1,경남소방본부
거제소방서-거제-119 안전센터,34.8472474,128.5890013,경상남도,거제시,거제면 거제남서로 3429,경남소방본부
거제소방서-신현-119 안전센터,34.8757913,128.6268602,경상남도,거제시,계룡로 52,경남소방본부
거제소방서-옥포-119 안전센터,34.8961117,128.6861685,경상남도,거제시,진목로 1,경남소방본부
거제소방서-장승포-119 안전센터,34.8713071,128.7288375,경상남도,거제시,능포로 77,경남소방본부
밀양소방서-산동-119 안전센터,35.5097466,128.8372991,경상남도,밀양시,산외면 산외로 679,경남소방본부
밀양소방서-삼랑진-119 안전센터,35.384041,128.8228596,경상남도,밀양시,삼랑진읍 삼랑진로 16-3,경남소방본부
밀양소방서-가곡-119 안전센터,35.478479,128.7645968,경상남도,밀양시,용두로 5,경남소방본부
밀양소방서-하남-119 안전센터,35.3684259,128.7331582,경상남도,밀양시,하남읍 명례로 108,경남소방본부
밀양소방서-삼문-119 안전센터,35.4829448,128.7533477,경상남도,밀양시,밀양대로 1760,경남소방본부
김해서부소방서-주촌-119 안전센터,35.2350849,128.844682,경상남도,김해시,주촌면 서부로 1784,경남소방본부
김해서부소방서-한림-119 안전센터,35.3232506,128.8003908,경상남도,김해시,한림면 한림로 401번길 50,경남소방본부
김해서부소방서-진례-119 안전센터,35.2526304,128.7531644,경상남도,김해시,진례면 담안로 50,경남소방본부
김해서부소방서-진영-119 안전센터,35.3066384,128.7353516,경상남도,김해시,진영읍 장등로 4,경남소방본부
김해동부소방서-북부-119 안전센터,35.2629272,128.8676075,경상남도,김해시,해반천로 166,경남소방본부
김해동부소방서-생림-119 안전센터,35.333723,128.8473218,경상남도,김해시,생림면 봉림로 106,경남소방본부
김해동부소방서-상동-119 안전센터,35.3120169,128.9378691,경상남도,김해시,상동면 상동로 637,경남소방본부
김해동부소방서-내외-119 안전센터,35.2349618,128.8655037,경상남도,김해시,내외로 77,경남소방본부
김해동부소방서-동상-119 안전센터,35.2337663,128.8826591,경상남도,김해시,분성로 335번지 38-1,경남소방본부
나주소방서-남평-119 안전센터,35.0413565,126.8461274,전라남도,나주시,남평읍 지석로 106,전남소방본부
김해동부소방서-삼정-119 안전센터,35.2285999,128.9011692,경상남도,김해시,김해대로 2507,경남소방본부
사천소방서-곤양-119 안전센터,35.0555251,127.9542693,경상남도,사천시,곤양면 곤북로 64,경남소방본부
사천소방서-사천읍-119 안전센터,35.0876904,128.0876125,경상남도,사천시,사천읍 무산로 21,경남소방본부
사천소방서-사남-119 안전센터,35.0642725,128.0670357,경상남도,사천시,사남면 공단2로 53,경남소방본부
사천소방서-동금-119 안전센터,34.9331486,128.0797505,경상남도,사천시,남일로 29,경남소방본부
통영소방서-도남-119 안전센터,34.8283404,128.4322518,경상남도,통영시,도남로257,경남소방본부
통영소방서-서호-119 안전센터,34.8423298,128.4191837,경상남도,통영시,중앙로 91-8,경남소방본부
통영소방서-무전-119 안전센터,34.8592858,128.4208027,경상남도,통영시,원문로 71,경남소방본부
통영소방서-죽림-119 안전센터,34.8835311,128.419018,경상남도,통영시,광도면 죽림4로 49,경남소방본부
진주소방서-문산-119 안전센터,35.158779,128.1635993,경상남도,진주시,문산읍 월아산로 979,경남소방본부
진주소방서-평거-119 안전센터,35.1741132,128.058799,경상남도,진주시,순환로 565,경남소방본부
진주소방서-천전-119 안전센터,35.1828548,128.0940858,경상남도,진주시,강남로 167번길 16,경남소방본부
진주소방서-중앙-119 안전센터,35.195894,128.0745664,경상남도,진주시,북장대로 64번길 14,경남소방본부
진주소방서-상대-119 안전센터,35.1803367,128.1184029,경상남도,진주시,동진로 249,경남소방본부
울진소방서- 온정 -119 안전센터,36.7211262,129.3475766,경상북도,울진군,온정면 백암온천로 1315,경북소방본부
울진소방서- 후포 -119 안전센터,36.6891646,129.4452479,경상북도,울진군,후포면 실배길 28-1,경북소방본부
울진소방서- 죽변 -119 안전센터,37.054815,129.4125592,경상북도,울진군,죽변면 하죽로 1841,경북소방본부
울진소방서- 울진 -119 안전센터,36.9935345,129.3945309,경상북도,울진군,울진읍 울진북로 508,경북소방본부
시흥소방서-은행-119 안전센터,37.4393945,126.793286,경기도,시흥시,대은로 4 시흥소방서 은행119안전센터,경기재난본부
목포소방서-하당-119 안전센터,34.8098538,126.4305022,전라남도,목포시,삼향천로 110 목포소방서119구조대,전남소방본부
원주소방서-단구-119 안전센터,37.330536,127.9614552,강원특별자치도,원주시,강변로 255 단구119안전센터,강원소방본부
경산소방서- 자인 -119 안전센터,35.8215624,128.8261761,경상북도,경산시,자인면 금학로 25-11 자인119안전센터,경북소방본부
세종소방서-한솔-119 안전센터,36.4805048,127.25919,세종특별자치시,,노을3로 29 첫마을안전센터,세종소방본부
전주완산소방서-임실-119 안전센터,35.6133606,127.2832702,전북특별자치도,임실군,임실읍 봉황8길 31 임실소방파출소,전북소방본부
춘천소방서-사내-119 안전센터,38.0680826,127.5249349,강원특별자치도,화천군,사내면 문화마을1길 6 사내소방서,강원소방본부
천안서북소방서-두정-119 안전센터,36.8276526,127.1465752,충청남도,천안시 서북구,1공단2길 16 두정119안전센터,충남소방본부
중부소방서_인천-영흥-119 안전센터,37.2563326,126.4838522,인천광역시,옹진군,영흥면 영흥로 283-32 영흥119안전센터,인천소방본부
중부소방서_인천-연안-119 안전센터,37.4466227,126.6041654,인천광역시,중구,축항대로118번길 108,인천소방본부
수성소방서-상동-119 안전센터,35.8250934,128.6093747,대구광역시,수성구,파동로51길 5 상동119안전센터,대구소방안전본부
진해소방서(본부)-용원-119 안전센터,35.0999024,128.814112,경상남도,창원시 진해구,용원로 43 용원119안전센터,창원소방본부
진해소방서(본부)-웅동-119 안전센터,35.1157904,128.783075,경상남도,창원시 진해구,남의로 11 웅동119안전센터,창원소방본부
진해소방서(본부)-진해(본부)_이동-119 안전센터,35.149917,128.6974251,경상남도,창원시 진해구,충장로 434 이동119안전센터,창원소방본부
진해소방서(본부)-대흥-119 안전센터,35.1509337,128.6585442,경상남도,창원시 진해구,백구로 72 대흥119안전센터,창원소방본부
마산소방서-호계-119 안전센터,35.2677183,128.5208198,경상남도,창원시 마산회원구,내서읍 호계본동3길 59-10 호계119안전센터,창원소방본부
마산소방서-내서-119 안전센터,35.2402679,128.5097875,경상남도,창원시 마산회원구,내서읍 중리공단로 104 내서119안전센터,창원소방본부
마산소방서-마산_구암-119 안전센터,35.2483183,128.5992982,경상남도,창원시 마산회원구,팔용로 260 구암119안전센터,창원소방본부
마산소방서-양봉-119 안전센터,35.21206,128.588975,경상남도,창원시 마산회원구,자유무역1길 22 양봉119안전센터,창원소방본부
마산소방서-석전-119 안전센터,35.2273308,128.5755889,경상남도,창원시 마산회원구,양덕옛1길 62 석전119안전센터,창원소방본부
마산소방서-삼진-119 안전센터,35.1109666,128.4891326,경상남도,창원시 마산합포구,진동면 해양관광로 52 삼진119안전센터,창원소방본부
마산소방서-남성-119 안전센터,35.2048525,128.5751573,경상남도,창원시 마산합포구,남성로 114 남성119안전센터,창원소방본부
마산소방서-마산_중앙-119 안전센터,35.1981576,128.574821,경상남도,창원시 마산합포구,제2부두로 55 중앙119안전센터,창원소방본부
창원소방서-북면-119 안전센터,35.3528316,128.6109271,경상남도,창원시 의창구,북면 천주로1150번길 15-22 북면119안전센터,창원소방본부
창원소방서-웅남-119 안전센터,35.2077547,128.6269555,경상남도,창원시 성산구,봉양로 406 웅남119안전센터,창원소방본부
창원소방서-대산-119 안전센터,35.333417,128.7057876,경상남도,창원시 의창구,대산면 봉강가술로 583 대산119안전센터,창원소방본부
창원소방서-동읍-119 안전센터,35.2810251,128.6824974,경상남도,창원시 의창구,동읍 동읍로71번길 14-14 동읍119안전센터,창원소방본부
창원소방서-대원-119 안전센터,35.232876,128.65075,경상남도,창원시 의창구,두대로55번길 11 대원119안전센터,창원소방본부
창원소방서-가음정-119 안전센터,35.2078513,128.6985642,경상남도,창원시 성산구,대정로 39 가음정119안전센터,창원소방본부
창원소방서-차룡-119 안전센터,35.2429117,128.6228995,경상남도,창원시 의창구,창원대로204번길 15 차룡119안전센터,창원소방본부
창원소방서-봉곡-119 안전센터,35.2451337,128.6587136,경상남도,창원시 의창구,지귀로 127 봉곡119안전센터,창원소방본부
창원소방서-소답-119 안전센터,35.2657132,128.6246181,경상남도,창원시 의창구,의안로44번길 5 소답119안전센터,창원소방본부
창원소방서-창원_외동-119 안전센터,35.2140028,128.6758919,경상남도,창원시 성산구,창원대로 786 외동119안전센터,창원소방본부
창원소방서-창원_신월-119 안전센터,35.2274727,128.6855886,경상남도,창원시 의창구,상남로 165 신월119안전센터,창원소방본부
동부소방서_제주-표선-119 안전센터,33.3271638,126.8277045,제주특별자치도,서귀포시,표선면 표선관정로 39-16,제주소방본부
동부소방서_제주-남원-119 안전센터,33.2814796,126.7084379,제주특별자치도,서귀포시,남원읍 남원체육관로221번길 23,제주소방본부
동부소방서_제주-조천-119 안전센터,33.5411042,126.6468242,제주특별자치도,제주시,조천읍 신북로 337,제주소방본부
동부소방서_제주-구좌-119 안전센터,33.5203421,126.8600839,제주특별자치도,제주시,구좌읍 세화14길 8,제주소방본부
동부소방서_제주-동부(제주)_성산-119 안전센터,33.4605596,126.9100733,제주특별자치도,서귀포시,성산읍 일주동로 4120번길 7,제주소방본부
서부소방서_제주-영어교육도시-119 안전센터,33.2789637,126.2733589,제주특별자치도,서귀포시,대정읍 에듀시티로 238,제주소방본부
서부소방서_제주-안덕-119 안전센터,33.2512132,126.3308995,제주특별자치도,서귀포시,안덕면 화순서서로 2,제주소방본부
서부소방서_제주-한경-119 안전센터,33.3427041,126.1828573,제주특별자치도,제주시,한경면 일주서로 4218,제주소방본부
서부소방서_제주-대정-119 안전센터,33.2325495,126.2408092,제주특별자치도,서귀포시,대정읍 일주서로 2717,제주소방본부
서부소방서_제주-애월-119 안전센터,33.466678,126.3487839,제주특별자치도,제주시,애월읍 일주서로 6513,제주소방본부
서부소방서_제주-한림-119 안전센터,33.4024577,126.2703256,제주특별자치도,제주시,한림읍 한림중앙로 150,제주소방본부
서귀포소방서-효돈-119 안전센터,33.2607923,126.6077222,제주특별자치도,서귀포시,일주동로 8234,제주소방본부
서귀포소방서-대륜-119 안전센터,33.2546448,126.5099094,제주특별자치도,서귀포시,신중로 46,제주소방본부
서귀포소방서-중문-119 안전센터,33.2520381,126.4221321,제주특별자치도,서귀포시,천제연로 164,제주소방본부
서귀포소방서-동홍-119 안전센터,33.2511564,126.5670718,제주특별자치도,서귀포시,동홍로 31,제주소방본부
제주소방서-노형-119 안전센터,33.4810773,126.4722373,제주특별자치도,제주시,광평동로 2,제주소방본부
제주소방서-화북-119 안전센터,33.5194262,126.5734778,제주특별자치도,제주시,동화로1길 3,제주소방본부
제주소방서-항만-119 안전센터,33.520092,126.539275,제주특별자치도,제주시,임항로 146,제주소방본부
제주소방서-연동-119 안전센터,33.4884789,126.4970866,제주특별자치도,제주시,문송길 14,제주소방본부
제주소방서-오라-119 안전센터,33.4959596,126.514675,제주특별자치도,제주시,서광로2길 24,제주소방본부
제주소방서-삼도-119 안전센터,33.5158603,126.5170871,제주특별자치도,제주시,탑동로 101,제주소방본부
제주소방서-이도-119 안전센터,33.4907562,126.5366281,제주특별자치도,제주시,중앙로 342,제주소방본부
합천소방서-초계-119 안전센터,35.5568996,128.2616498,경상남도,합천군,초계면 양동로 6-16,경남소방본부
합천소방서-합천-119 안전센터,35.5728813,128.1484886,경상남도,합천군,합천읍 인덕로 2453,경남소방본부
거창소방서-가조-119 안전센터,35.7115185,128.0165006,경상남도,거창군,가조면 마상3길 32,경남소방본부
동작소방서,37.4946106,126.9176919,서울특별시,동작구,여의대방로16길 55(신대방동),서울소방재난본부
고령소방서,35.7240226,128.268698,경상북도,고령군,고령읍 벽화길 18,경북소방본부
태안소방서,36.758023,126.2861164,충청남도,태안군,태안읍 동백로 100,충남소방본부
청주동부소방서,36.6209601,127.494848,충청북도,청주시 상당구,영운로 61,충북소방본부
보은소방서,36.4769632,127.7221438,충청북도,보은군,보은읍 남부로 4415,충북소방본부
서대문소방서,37.5732196,126.9360289,서울특별시,서대문구,연희로 182(연희동),서울소방재난본부
남부소방서,35.1631655,129.1070458,부산광역시,수영구,광일로 64(광안동),부산소방안전본부
증평소방서,36.7878912,127.5838223,충청북도,증평군,충청대로 1789,충북소방본부
동부소방서,33.4605596,126.9100733,제주특별자치도,서귀포시,성산읍 일주동로 4120번길 7,제주소방본부
거창소방서,35.6778157,127.923258,경상남도,거창군,거창읍 거함대로 3324,경남소방본부
동래소방서,35.1843589,129.1052426,부산광역시,연제구,고분로 216(연산동),부산소방안전본부
광진소방서,37.5448242,127.0827646,서울특별시,광진구,광나루로 480(구의동),서울소방재난본부
목포소방서,34.8098538,126.4305022,전라남도,목포시,삼향천로 110,전남소방본부
송파소방서,37.4998433,127.1425984,서울특별시,송파구,오금로51길 56(마천동),서울소방재난본부
북부소방서,35.174463,128.978749,부산광역시,사상구,삼덕로 17(삼락동),부산소방안전본부
중부소방서,35.1072555,129.0369409,부산광역시,중구,중앙대로 110(중앙동4가),부산소방안전본부
안동소방서,36.5610479,128.7373187,경상북도,안동시,육사로 301,경북소방본부
보령소방서,36.3565891,126.6057898,충청남도,보령시,대천로 122,충남소방본부
의성소방서,36.3100667,128.5989,경상북도,의성군,봉양면 경북대로 4741,경북소방본부
통영소방서,34.8835311,128.419018,경상남도,통영시,광도면 죽림4로 49,경남소방본부
정읍소방서,35.588486,126.8594844,전북특별자치도,정읍시,서부산업도로 507-3,전북소방본부
남해소방서,34.8292456,127.8927337,경상남도,남해군,남해읍 스포츠로 81,경남소방본부
김해동부소방서,35.2285999,128.9011692,경상남도,김해시,김해대로 2507,경남소방본부
문경소방서,36.6103491,128.2097175,경상북도,문경시,중앙로 305,경북소방본부
공주소방서,36.457935,127.121538,충청남도,공주시,봉황로 134,충남소방본부
함양소방서,35.524146,127.728197,경상남도,함양군,함양읍 함양로 1179,경남소방본부
화순소방서,35.050674,126.9713113,전라남도,화순군,화순읍 학포로 2750,전남소방본부
고창소방서,35.4328166,126.6878348,전북특별자치도,고창군,고창읍 녹두로 1294,전북소방본부
영암소방서,34.76665,126.4392875,전라남도,영암군,삼호읍 나불로 192,전남소방본부
사천소방서,34.9331486,128.0797505,경상남도,사천시,남일로 29,경남소방본부
양천소방서,37.5302527,126.8723636,서울특별시,양천구,목동서로 180(목동),서울소방재난본부
당진소방서,36.8860342,126.6177418,충청남도,당진시,역천로 838,충남소방본부
영주소방서,36.7919351,128.6331219,경상북도,영주시,문수면 적서로 448번길 17,경북소방본부
순천소방서,34.9866763,127.503975,전라남도,순천시,서면 삼산로 281,전남소방본부
부여소방서,36.2749958,126.8822443,충청남도,부여군,규암면 계백로 17,충남소방본부
경산소방서,35.8385284,128.7696707,경상북도,경산시,김유신로 12,경북소방본부
전주덕진소방서,35.8421216,127.1363781,전북특별자치도,전주시 덕진구,백제대로 611,전북소방본부
상주소방서,36.4196428,128.159516,경상북도,상주시,상산로 322,경북소방본부
동해소방서,37.5246394,129.1184909,강원특별자치도,동해시,천곡로 120,강원소방본부
괴산소방서,36.8075933,127.8013959,충청북도,괴산군,괴산읍 괴강로 69,충북소방본부
속초소방서,38.2036833,128.5601889,강원특별자치도,속초시,미시령로 3226,강원소방본부
음성소방서,36.9896677,127.5952281,충청북도,음성군,금왕읍 응천서길 11,충북소방본부
아산소방서,36.7867187,127.0163173,충청남도,아산시,문화로 293,충남소방본부
평창소방서,37.3782173,128.3892757,강원특별자치도,평창군,평창읍 살구실길 10,강원소방본부
단양소방서,36.9885565,128.3558747,충청북도,단양군,단양읍 별곡리 산28-4,충북소방본부
옥천소방서,36.3079508,127.5742761,충청북도,옥천군,옥천읍 중앙로 132,충북소방본부
진천소방서,36.8728097,127.4410784,충청북도,진천군,진천읍 진광로 93,충북소방본부
은평소방서,37.62896,126.920145,서울특별시,은평구,통일로 962(진관동),서울소방재난본부
인제소방서,38.0614106,128.168508,강원특별자치도,인제군,인제읍 비봉로 44번길 71,강원소방본부
홍천소방서,37.6915636,127.9022656,강원특별자치도,홍천군,홍천읍 공작산로 99,강원소방본부
노원소방서,37.6381043,127.0711604,서울특별시,노원구,한글비석로 1길 8(하계동),서울소방재난본부
종로소방서,37.5728428,126.9789142,서울특별시,종로구,종로1길 28(수송동),서울소방재난본부
철원소방서,38.1855846,127.323525,강원특별자치도,철원군,갈말읍 태봉로 1504,강원소방본부
영월소방서,37.1853596,128.45845,강원특별자치도,영월군,영월읍 영월로 1863,강원소방본부
강릉소방서,37.757339,128.8729128,강원특별자치도,강릉시,선수촌로 64-28(홍제동),강원소방본부
삼척소방서,37.4468677,129.1707633,강원특별자치도,삼척시,봉황로 101,강원소방본부
정선소방서,37.3797392,128.6718684,강원특별자치도,정선군,정선읍 녹송로 27,강원소방본부
태백소방서,37.1585158,128.9893395,강원특별자치도,태백시,태백로 1120,강원소방본부
고성소방서,38.3769921,128.4738364,강원특별자치도,고성군,간성읍 수성로 37-11,강원소방본부
춘천소방서,37.889424,127.7433,강원특별자치도,춘천시,후석로 446,강원소방본부
횡성소방서,37.4853506,127.9739835,강원특별자치도,횡성군,횡성읍 문예로 157,강원소방본부
가평소방서,37.8232947,127.5165809,경기도,가평군,가평읍 가화로36,경기북부소방재난본부
원주소방서,37.328358,127.944363,강원특별자치도,원주시,남원로 487,강원소방본부
연천소방서,38.0482463,127.0683901,경기도,연천군,전곡읍 평화로 892,경기북부소방재난본부
양주소방서,37.795763,126.9893738,경기도,양주시,백석읍 꿈나무로 156,경기북부소방재난본부
도봉소방서,37.6639821,127.0430125,서울특별시,도봉구,도봉로 666(방학동),서울소방재난본부
동두천소방서,37.8922941,127.0476176,경기도,동두천시,지행로 6(지행동),경기북부소방재난본부
김해서부소방서-장유-119 안전센터,35.1901911,128.8062655,경상남도,김해시,번화2로 12 소방서,경남소방본부
남동소방서_인천-담방(구.서창)-119 안전센터,37.439339,126.739021,인천광역시,남동구,매소홀로 1044 남동소방서담방119안전센터,인천소방본부
중부소방서,37.4701263,126.6222875,인천광역시,중구,인중로 204(항동),인천소방본부
용산소방서,37.5341021,126.971495,서울특별시,용산구,한강대로 167(한강로2가),서울소방재난본부
남동소방서,37.5202441,126.7221321,인천광역시,부평구,부평대로 324(갈산동),인천소방본부
강서소방서,35.0896166,128.8567949,부산광역시,강서구,녹산산단361로 9(송정동),부산소방안전본부
서부소방서,35.8818837,128.5544996,대구광역시,서구,달서천로 186,대구소방안전본부
항만소방서,35.0817621,129.0767847,부산광역시,영도구,해양로 297(동삼동),부산소방안전본부
강서소방서,35.8554417,128.4674366,대구광역시,달성군,다사읍 달구벌대로 920,대구소방안전본부
기장소방서,35.3249052,129.1799668,부산광역시,기장군,정관면 용수로 7,부산소방안전본부
북부소방서,35.8779748,128.5922971,대구광역시,북구,칠성남로 112,대구소방안전본부
군산소방서,35.9628605,126.7510992,전북특별자치도,군산시,번영로 308,전북소방본부
달서소방서,35.831088,128.5347565,대구광역시,달서구,학산로 75,대구소방안전본부
양양소방서,38.0674264,128.6224396,강원특별자치도,양양군,양양읍 남대천로 33,강원소방본부
김천소방서,36.1169739,128.1380632,경상북도,김천시,황산로 67,경북소방본부
경주소방서,35.8441404,129.228325,경상북도,경주시,알천남로 276,경북소방본부
구미소방서,36.110565,128.376463,경상북도,구미시,수출대로 112,경북소방본부
포항남부소방서,35.993357,129.4189413,경상북도,포항시 남구,동해안로 5890,경북소방본부
남원소방서,35.436712,127.4168295,전북특별자치도,남원시,요천로 1965,전북소방본부
해남소방서,34.5663365,126.607902,전라남도,해남군,해남읍 교육청길 82,전남소방본부
천안동남소방서,36.7998721,127.1653741,충청남도,천안시 동남구,천안대로 580,충남소방본부
계룡소방서,36.268179,127.2649258,충청남도,계룡시,두마면 사계로 46,충남소방본부
담양소방서,35.3181032,126.9731342,전라남도,담양군,담양읍 추성로 1232,전남소방본부
여수소방서,34.76006,127.6651528,전라남도,여수시,망마로 20,전남소방본부
마포소방서,37.5494864,126.9331869,서울특별시,마포구,창전로 76(신수동),서울소방재난본부
서산소방서,36.7733417,126.444925,충청남도,서산시,호수공원14로 26-4,충남소방본부
홍성소방서,36.5851995,126.6957647,충청남도,홍성군,홍성읍 충절로 741,충남소방본부
광양소방서,34.9400659,127.6977236,전라남도,광양시,중마중앙로 109,전남소방본부
나주소방서,35.027854,126.7098142,전라남도,나주시,예향로 4201,전남소방본부
영동소방서,36.1656657,127.7890123,충청북도,영동군,영동읍 영동황간로 174,충북소방본부
무진장소방서,35.7322571,127.589538,전북특별자치도,장수군,장계면 육십령로 136,전북소방본부
익산소방서,35.9623102,127.0052279,전북특별자치도,익산시,무왕로 1338,전북소방본부
예산소방서,36.686551,126.801863,충청남도,예산군,오가면 오가중앙로 111,충남소방본부
천안서북소방서,36.8625095,127.1160297,충청남도,천안시 서북구,직산읍 4산단 2길 32번지,충남소방본부
논산소방서,36.1782935,127.10039,충청남도,논산시,대학로 17,충남소방본부
영광소방서,35.262998,126.5090633,전라남도,영광군,영광읍 함영로 3508,전남소방본부
부안소방서,35.729754,126.7119575,전북특별자치도,부안군,행안면 변산로 86,전북소방본부
강서소방서,37.5579833,126.860275,서울특별시,강서구,양천로 550(등촌동),서울소방재난본부
청양소방서,36.451623,126.7924514,충청남도,청양군,청양읍 충절로 1187,충남소방본부
구로소방서,37.4978258,126.8652844,서울특별시,구로구,경인로 408(고척동),서울소방재난본부
성동소방서,37.5537157,127.0394565,서울특별시,성동구,살곶이길 331(행당동),서울소방재난본부
관악소방서,37.4739307,126.9523141,서울특별시,관악구,관악로 97(봉천동),서울소방재난본부
진주소방서,35.1803367,128.1184029,경상남도,진주시,동진로 249,경남소방본부
밀양소방서,35.4829448,128.7533477,경상남도,밀양시,밀양대로 1760,경남소방본부
창원소방서,35.2274727,128.6855886,경상남도,창원시 의창구,상남로 165,창원소방본부
서초소방서,37.498466,126.9919369,서울특별시,서초구,사평대로 67(반포동),서울소방재난본부
마산소방서,35.1981576,128.574821,경상남도,창원시 마산합포구,제2부두로 55,창원소방본부
성주소방서,35.933968,128.304763,경상북도,성주군,성주읍 주산로 193,경북소방본부
부산진소방서,35.1404454,129.0590339,부산광역시,동구,범일로 115(범일동),부산소방안전본부
함평소방서,35.0605389,126.5389744,전라남도,함평군,대동면 학동로386,전남소방본부
서귀포소방서,33.2511564,126.5670718,제주특별자치도,서귀포시,동홍로 31(동홍동),제주소방본부
보성소방서,34.8384641,127.3154896,전라남도,보성군,벌교읍 녹색로 5247,전남소방본부
울진소방서,36.9935345,129.3945309,경상북도,울진군,울진읍 울진북로 508,경북소방본부
서천소방서,36.0135196,126.6830247,충청남도,서천군,장항읍 장항로 37,충남소방본부
양산소방서,35.3343154,129.0105125,경상남도,양산시,물금읍 황산로 719,경남소방본부
김제소방서,35.7990078,126.8700945,전북특별자치도,김제시,벽성로 278,전북소방본부
함안소방서,35.2862569,128.4000954,경상남도,함안군,가야읍 선왕길 59,경남소방본부
중부소방서,37.5648732,127.0153884,서울특별시,중구,퇴계로 394(무학동),서울소방재난본부
거제소방서,34.8961117,128.6861685,경상남도,거제시,진목로 1,경남소방본부
전주완산소방서,35.7993101,127.1164687,전북특별자치도,전주시 완산구,거마평로 73,전북소방본부
하동소방서,34.9779414,127.7955629,경상남도,하동군,금성면 금성로 15,경남소방본부
창녕소방서,35.5504487,128.4791275,경상남도,창녕군,대지면 우포2로 1097,경남소방본부
강동소방서,37.5292678,127.1249082,서울특별시,강동구,성내로 39(성내동),서울소방재난본부
영덕소방서,36.4167177,129.3709949,경상북도,영덕군,영덕읍 경동로 8401,경북소방본부
고성소방서,34.9811871,128.3308053,경상남도,고성군,고성읍 남해안대로 2670,경남소방본부
창원소방본부(진해소방서),35.1509337,128.6585442,경상남도,창원시 진해구,백구로 72,창원소방본부
금산소방서,36.099909,127.4801011,충청남도,금산군,금산읍 삼풍로 2,충남소방본부
청도소방서,35.64829,128.7632769,경상북도,청도군,청도읍 중앙로 192-34,경북소방본부
포항북부소방서,36.0424889,129.3661245,경상북도,포항시 북구,중앙로 332,경북소방본부
강진소방서,34.6428648,126.7805563,전라남도,강진군,군동면 중앙로 223,전남소방본부
영천소방서,35.9775633,128.9577514,경상북도,영천시,호국로 187,경북소방본부
제주소방서,33.4907562,126.5366281,제주특별자치도,제주시,중앙로 342(이도이동),제주소방본부
청주서부소방서,36.62729,127.43695,충청북도,청주시 흥덕구,가경로 143 청주서부소방서,충북소방본부
강북소방서,37.6330512,127.0381809,서울특별시,강북구,한천로 911,서울소방재난본부
평택소방서,36.9904771,127.1128559,경기도,평택시,중앙로 273,경기재난안전본부
시흥소방서,37.3494737,126.73965,경기도,시흥시,정왕신길로 206 시흥소방서,경기재난안전본부
무안소방서,34.994596,126.4665645,전라남도,무안군,무안읍 공항로 133,전남소방본부
성북소방서,37.6024303,127.031753,서울특별시,성북구,종암로 27길 3(종암동),서울소방재난본부
오산소방서,37.1550868,127.0646135,경기도,오산시,청학로 67,경기재난안전본부
수원소방서,37.2971847,126.9959707,경기도,수원시 장안구,정자천로 189번길 12,경기재난안전본부
동부소방서,36.34137,127.43759,대전광역시,동구,계족로 300,대전소방본부
분당소방서,37.3860453,127.1194828,경기도,성남시 분당구,양현로 14,경기재난안전본부
동대문소방서,37.5640037,127.0666254,서울특별시,동대문구,장한로 34(장안동),서울소방재난본부
부평소방서,37.4489466,126.7164002,인천광역시,남동구,인주대로 714(구월동),인천소방본부
송도소방서,37.3673277,126.6516261,인천광역시,연수구,송도동 208-1,인천소방본부
중부소방서,35.862557,128.575188,대구광역시,중구,달구벌대로 1926,대구소방안전본부
해운대소방서,35.1593466,129.1436628,부산광역시,해운대구,해운대해변로 106(우동),부산소방안전본부
수성소방서,35.8255278,128.6443835,대구광역시,수성구,청호로 87,대구소방안전본부
사하소방서,35.090107,128.9733717,부산광역시,사하구,장평로 270(신평동),부산소방안전본부
금정소방서,35.2440955,129.0928131,부산광역시,금정구,중앙대로 1789(부곡동),부산소방안전본부
의령소방서,35.3184984,128.2671295,경상남도,의령군,의령읍 남산로 7-12,경남소방본부
산청소방서,35.405618,127.900536,경상남도,산청군,산청읍 물안실로 8,경남소방본부
김해서부소방서,35.1965616,128.8172804,경상남도,김해시,장유로 341,경남소방본부
광산소방서,35.1859848,126.7964868,광주광역시,광산구,하남산단1번로 13(하남동),광주소방안전본부
고양소방서,37.6550568,126.8331956,경기도,고양시 덕양구,고양대로 1342,경기북부소방재난본부
일산소방서,37.6630508,126.7696353,경기도,고양시 일산동구,중앙로 1325,경기북부소방재난본부
합천소방서,35.5728813,128.1484886,경상남도,합천군,합천읍 인덕로 2453,경남소방본부
남부소방서,35.1104487,126.878475,광주광역시,남구,송암로58번길 13(송하동),광주소방안전본부
파주소방서,37.8473462,126.7894521,경기도,파주시,파주읍 통일로1564,경기북부소방재난본부
구리소방서,37.5982996,127.1278435,경기도,구리시,아차산로 487번길 46,경기북부소방재난본부
세종소방서,36.5041461,127.2717542,세종특별자치시,,어진동 610,세종소방본부
서부소방서,33.4024577,126.2703256,제주특별자치도,제주시,한림읍 한림중앙로 150,제주소방본부
김포소방서,37.6415816,126.7085344,경기도,김포시,감암로 111,경기재난안전본부
포천소방서,37.8913983,127.2025465,경기도,포천시,군내면 호국로 1538,경기북부소방재난본부
동부소방서,35.4823307,129.4125804,울산광역시,동구,꽃바위2가길 9,울산소방본부
이천소방서,37.2820952,127.4315605,경기도,이천시,경충대로 2739,경기재난안전본부
의왕소방서,37.3441651,126.9747136,경기도,의왕시,오봉로 9,경기재난안전본부
유성소방서,36.37896,127.37904,대전광역시,유성구,대덕대로 516,대전소방본부
화성소방서,37.1305973,126.9204924,경기도,화성시,향남읍 향남로 399,경기재난안전본부
여주소방서,37.2916731,127.6257777,경기도,여주시,우암로 110,경기재난안전본부
성남소방서,37.4365974,127.1335475,경기도,성남시 수정구,제일로 111,경기재난안전본부
남부소방서,35.5471664,129.3354638,울산광역시,남구,삼산중로 149,울산소방본부
둔산소방서,36.34789,127.37111,대전광역시,서구,갈마중로 15,대전소방본부
남양주소방서,37.6434158,127.2322211,경기도,남양주시,평내로 25,경기북부소방재난본부
고흥소방서,34.58155,127.2560125,전라남도,고흥군,풍양면 고흥로 1330,전남소방본부
광명소방서,37.4486381,126.8851744,경기도,광명시,금하로 472,경기재난안전본부
안성소방서,37.0004851,127.2560104,경기도,안성시,미양로 855,경기재난안전본부
용인소방서,37.229205,127.1881934,경기도,용인시 처인구,명지로 75,경기재난안전본부
안산소방서,37.3213207,126.8332049,경기도,안산시 단원구,화랑로 407,경기재난안전본부
양평소방서,37.5003332,127.5073421,경기도,양평군,양평읍 경강로 2047,경기재난안전본부
남부소방서,37.4484875,126.6691548,인천광역시,남구,인하로 190(주안동),인천소방본부
공항소방서,37.4858663,126.4145851,인천광역시,중구,공항서로 512번길 464(운서동),인천소방본부
동부소방서,35.1545794,126.9147654,광주광역시,동구,제봉로 210(대인동),광주소방안전본부
강화소방서,37.7396808,126.4874741,인천광역시,강화군,강화읍 남문로 23번길 11,인천소방본부
계양소방서,37.5370098,126.734921,인천광역시,계양구,장제로 774(계산동),인천소방본부
공단소방서,37.4081309,126.6930221,인천광역시,남동구,남동서로 208(고잔동),인천소방본부
북부소방서,35.1867196,126.9120927,광주광역시,북구,서하로 290(오치동),광주소방안전본부
영등포소방서,37.5184377,126.9042001,서울특별시,영등포구,문래로 197(영등포동4가),서울소방재난본부
서부소방서,35.1563719,126.8765703,광주광역시,서구,화운로 197(화정동),광주소방안전본부
의정부소방서,37.7370748,127.035361,경기도,의정부시,의정로 48,경기북부소방재난본부
광주소방서,37.385597,127.2995112,경기도,광주시,초월읍 무들로 112,경기재난안전본부
안양소방서,37.386585,126.9547681,경기도,안양시 동안구,동안로 82,경기재난안전본부
온산소방서,35.4332554,129.3066022,울산광역시,울주군,온산읍 덕신로 232,울산소방본부
중부소방서,35.5629508,129.2993104,울산광역시,중구,종가로 205,울산소방본부
조치원소방서,36.6047949,127.2888963,세종특별자치시,,조치원읍 세종로 2439,세종소방본부
서부소방서,37.54316,126.6773037,인천광역시,서구,서곶로 292(심곡동),인천소방본부
중랑소방서,37.6153993,127.0948903,서울특별시,중랑구,신내로 183(신내동),서울소방재난본부
대덕소방서,36.37251,127.42893,대전광역시,대덕구,계족로 682,대전소방본부
강남소방서,37.5102929,127.06684,서울특별시,강남구,테헤란로 629(삼성동),서울소방재난본부
달성소방서,35.6826279,128.4469746,대구광역시,달성군,현풍면 비슬로 480,대구소방안전본부
동부소방서,35.8760907,128.6251739,대구광역시,동구,동대구로 507,대구소방안전본부
태장119안전센터,37.4015832,127.9528396,강원특별자치도,원주시,태장동 태장공단길 4 원주소방서태장119안전센터,강원소방본부
학성119안전센터,37.3536843,127.9448713,강원특별자치도,원주시,학성동 학성길 122 학성119안전센터,강원소방본부
아름119안전센터,36.5114413,127.2466155,세종특별자치시,,아름동 보듬3로 119 아름119안전센터,세종소방본부
보람119안전센터,36.477969,127.291246,세종특별자치시,,보람동 남세종로 436 보람119안전센터,세종소방본부
우산119안전센터,37.3741129,127.9418383,강원특별자치도,원주시,우산동 우산공단길 9 우산119안전센터,강원소방본부
과천소방서,37.4285792,126.990472,경기도,과천시,통영로 12 과천소방서,경기재난안전본부
부천소방서,37.4933057,126.7779585,경기도,부천시,신흥로 115,경기재난안전본부
하남소방서,37.5398975,127.2204324,경기도,하남시,대청로 76,경기재난안전본부
제천소방서,37.16059,128.2128,충청북도,제천시,신죽하로 164 제천소방서,충북소방본부
서부소방서,36.30978,127.37232,대전광역시,서구,복수서로 67,대전소방본부
송탄소방서,37.089811,127.0621453,경기도,평택시,경기대로 1627,경기재난안전본부
군포소방서,37.3525963,126.9271193,경기도,군포시,고산로 429 군포소방서,경기재난안전본부
충주소방서,37.0032917,127.9211,충청북도,충주시,목행산단7로 9 충주소방서,충북소방본부
마포소방서-염리-119 안전센터,37.5417237,126.9455741,서울특별시,마포구,토정로 37길 27 (염리동),서울소방재난본부
마포소방서-신수-119 안전센터,37.5494864,126.9331869,서울특별시,마포구,창전로 76 (신수동),서울소방재난본부
서대문소방서-미근-119 안전센터,37.5649018,126.9667851,서울특별시,서대문구,통일로 113 (미근동),서울소방재난본부
서대문소방서-홍은-119 안전센터,37.5987473,126.9470355,서울특별시,서대문구,홍은중앙로 83 (홍은동),서울소방재난본부
서대문소방서-북가좌-119 안전센터,37.5828775,126.9130275,서울특별시,서대문구,증가로 242 (북가좌동),서울소방재난본부
서대문소방서-서대문_연희-119 안전센터,37.5732196,126.9360289,서울특별시,서대문구,연희로 182 (연희동),서울소방재난본부
은평소방서-수색-119 안전센터,37.584079,126.8921551,서울특별시,은평구,수색로 294 (수색동),서울소방재난본부
은평소방서-역촌-119 안전센터,37.6049961,126.9106892,서울특별시,은평구,갈현로 80 (역촌동),서울소방재난본부
은평소방서-녹번-119 안전센터,37.601186,126.9349883,서울특별시,은평구,은평로 245 (녹번동),서울소방재난본부
은평소방서-진관-119 안전센터,37.62896,126.920145,서울특별시,은평구,통일로 962(진관동),서울소방재난본부
노원소방서-수락-119 안전센터,37.6797618,127.0557656,서울특별시,노원구,동일로 1694 (상계동),서울소방재난본부
노원소방서-월계-119 안전센터,37.6288196,127.0563956,서울특별시,노원구,월계로 323 (월계동),서울소방재난본부
노원소방서-공릉-119 안전센터,37.6190645,127.0807118,서울특별시,노원구,화랑로 482 (공릉동),서울소방재난본부
노원소방서-상계-119 안전센터,37.6550701,127.0716445,서울특별시,노원구,노원로26길 111 (상계동),서울소방재난본부
노원소방서-하계-119 안전센터,37.6381043,127.0711604,서울특별시,노원구,한글비석로1길 8 (하계동),서울소방재난본부
도봉소방서-쌍문-119 안전센터,37.6481984,127.026816,서울특별시,도봉구,노해로 152 (쌍문동),서울소방재난본부
도봉소방서-창동-119 안전센터,37.6467676,127.043758,서울특별시,도봉구,해등로 25 (창동),서울소방재난본부
도봉소방서-도봉-119 안전센터,37.6689381,127.0431159,서울특별시,도봉구,도봉로 721 (방학동),서울소방재난본부
도봉소방서-방학-119 안전센터,37.6639821,127.0430125,서울특별시,도봉구,도봉로 666 (방학동),서울소방재난본부
성북소방서-장위-119 안전센터,37.6155644,127.0582373,서울특별시,성북구,한천로 640 (장위동),서울소방재난본부
성북소방서-길음-119 안전센터,37.6029206,127.0191352,서울특별시,성북구,정릉로 321 (길음동),서울소방재난본부
성북소방서-돈암-119 안전센터,37.5909998,127.0144463,서울특별시,성북구,보문로 192 (삼선동4가),서울소방재난본부
성북소방서-종암-119 안전센터,37.6024303,127.031753,서울특별시,성북구,종암로27길 3 (종암동),서울소방재난본부
영등포소방서-신길-119 안전센터,37.5104288,126.9222,서울특별시,영등포구,영등포로84길 31 (신길동),서울소방재난본부
영등포소방서-대림-119 안전센터,37.4973275,126.9040649,서울특별시,영등포구,도림로 212 (신길동),서울소방재난본부
영등포소방서-당산-119 안전센터,37.5355014,126.8991979,서울특별시,영등포구,양평로 70-1 (당산동6가),서울소방재난본부
영등포소방서-여의도-119 안전센터,37.517222,126.9279783,서울특별시,영등포구,의사당대로 162 (여의도동),서울소방재난본부
영등포소방서-영등포-119 안전센터,37.5184377,126.9042001,서울특별시,영등포구,문래로 197 (영등포동4가),서울소방재난본부
중랑소방서-중화-119 안전센터,37.6004725,127.0793532,서울특별시,중랑구,동일로 783 (중화동),서울소방재난본부
중랑소방서-망우-119 안전센터,37.5978009,127.1005972,서울특별시,중랑구,용마산로 524 (망우동),서울소방재난본부
중랑소방서-면목-119 안전센터,37.572847,127.0807591,서울특별시,중랑구,동일로 475 (면목동),서울소방재난본부
중랑소방서-신내-119 안전센터,37.6153993,127.0948903,서울특별시,중랑구,신내로 183 (신내동),서울소방재난본부
동대문소방서-휘경-119 안전센터,37.5906642,127.0651665,서울특별시,동대문구,망우로 106 (휘경동),서울소방재난본부
동대문소방서-용두-119 안전센터,37.5778552,127.0317576,서울특별시,동대문구,왕산로 76 (용두동),서울소방재난본부
동대문소방서-전농-119 안전센터,37.5763173,127.0460404,서울특별시,동대문구,황물로 3 (전농동),서울소방재난본부
동대문소방서-청량리-119 안전센터,37.5871672,127.0523258,서울특별시,동대문구,왕산로 299 (청량리동),서울소방재난본부
동대문소방서-동대문_장안-119 안전센터,37.5640037,127.0666254,서울특별시,동대문구,장한로 34 (장안동),서울소방재난본부
용산소방서-서빙고-119 안전센터,37.5208437,126.9950278,서울특별시,용산구,서빙고로67길 7(서빙고동),서울소방재난본부
용산소방서-후암-119 안전센터,37.5489368,126.9779026,서울특별시,용산구,후암로 34 (후암동),서울소방재난본부
용산소방서-이태원-119 안전센터,37.5344065,126.9958456,서울특별시,용산구,이태원로 196 (이태원동),서울소방재난본부
용산소방서-한강로-119 안전센터,37.5341021,126.971495,서울특별시,용산구,한강대로 167 (한강로2가),서울소방재난본부
성동소방서-성수-119 안전센터,37.537182,127.0606549,서울특별시,성동구,뚝섬로 452 (성수동2가),서울소방재난본부
성동소방서-성동_금호-119 안전센터,37.5540709,127.0243423,서울특별시,성동구,난계로 19 (금호동1가),서울소방재난본부
성동소방서-왕십리(구 행당)-119 안전센터,37.5620474,127.0355037,서울특별시,성동구,고산자로 249 (도선동),서울소방재난본부
성동소방서-행당(구 송정)-119 안전센터,37.5537157,127.0394565,서울특별시,성동구,살곶이길 331(행당동),서울소방재난본부
광진소방서-중곡-119 안전센터,37.5669566,127.0866608,서울특별시,광진구,용마산로 150 (중곡동),서울소방재난본부
광진소방서-능동-119 안전센터,37.5516556,127.0769748,서울특별시,광진구,능동로 242 (능동),서울소방재난본부
광진소방서-구의-119 안전센터,37.5448242,127.0827646,서울특별시,광진구,광나루로 480 (구의동),서울소방재난본부
중부소방서_서울-신당-119 안전센터,37.5529266,127.0096592,서울특별시,중구,다산로8길 2 (신당동),서울소방재난본부
중부소방서_서울-회현-119 안전센터,37.5582066,126.9833694,서울특별시,중구,소공로 30 (회현동2가),서울소방재난본부
중부소방서_서울-충무로-119 안전센터,37.5621561,126.9929127,서울특별시,중구,충무로 11 (충무로3가),서울소방재난본부
중부소방서_서울-을지로-119 안전센터,37.5667298,127.0120674,서울특별시,중구,을지로45길 43 (신당동),서울소방재난본부
중부소방서_서울-무학-119 안전센터,37.5648732,127.0153884,서울특별시,중구,퇴계로 394 (무학동),서울소방재난본부
종로소방서-숭인-119 안전센터,37.5777737,127.021723,서울특별시,종로구,숭인동길 63 (숭인동),서울소방재난본부
종로소방서-신영-119 안전센터,37.6058152,126.9608614,서울특별시,종로구,진흥로 477 (신영동),서울소방재난본부
종로소방서-연건-119 안전센터,37.5794185,127.0018273,서울특별시,종로구,대학로 91 (연건동),서울소방재난본부
종로소방서-종로-119 안전센터,37.571235,126.9919737,서울특별시,종로구,돈화문로 30 (묘동),서울소방재난본부
종로소방서-신교-119 안전센터,37.5842937,126.9700262,서울특별시,종로구,자하문로 93 (신교동),서울소방재난본부
종로소방서-세종로-119 안전센터,37.5728428,126.9789142,서울특별시,종로구,종로1길 28 (수송동),서울소방재난본부
중부소방서_부산-초량-119 안전센터,35.1197999,129.043208,부산광역시,동구,중앙대로 260번길 7-3(초량동),부산소방안전본부
중부소방서_부산-창선-119 안전센터,35.102854,129.0273459,부산광역시,중구,대청로 68-1(부평동),부산소방안전본부
중부소방서_부산-충무-119 안전센터,35.0871169,129.024779,부산광역시,서구,충무대로 186(남부민동),부산소방안전본부
중부소방서_부산-부민-119 안전센터,35.1032303,129.0185845,부산광역시,서구,임시수도기념로 21-4(부민동3가),부산소방안전본부
중부소방서_부산-중부(부산)_중앙-119 안전센터,35.1072555,129.0369409,부산광역시,중구,중앙대로 110(중앙동4가),부산소방안전본부
강북소방서_서울-삼각산-119 안전센터,37.6198887,127.0155203,서울특별시,강북구,솔샘로 208 (미아동),서울소방재난본부
강북소방서_서울-미아-119 안전센터,37.6200208,127.0283102,서울특별시,강북구,도봉로 125 (미아동),서울소방재난본부
강북소방서_서울-우이-119 안전센터,37.6409197,127.0166031,서울특별시,강북구,삼각산로 111 (수유동),서울소방재난본부
구로소방서-구로_공단-119 안전센터,37.4842266,126.8984721,서울특별시,구로구,디지털로34길 56 (구로동),서울소방재난본부
구로소방서-신도림-119 안전센터,37.507329,126.8812109,서울특별시,구로구,경인로59길 57 (신도림동),서울소방재난본부
구로소방서-구로_시흥-119 안전센터,37.448568,126.9004798,서울특별시,금천구,시흥대로45길 31 (시흥동),서울소방재난본부
구로소방서-독산-119 안전센터,37.4679179,126.8982973,서울특별시,금천구,시흥대로 386 (독산동),서울소방재난본부
구로소방서-구로-119 안전센터,37.4942434,126.8825611,서울특별시,구로구,구로동로 175 (구로동),서울소방재난본부
구로소방서-고척-119 안전센터,37.5049261,126.8548668,서울특별시,구로구,고척로 195 (고척동),서울소방재난본부
구로소방서-수궁-119 안전센터,37.4962768,126.8295562,서울특별시,구로구,오리로 1285 (궁동),서울소방재난본부
구로소방서-고일-119 안전센터,37.4978258,126.8652844,서울특별시,구로구,경인로 408 (고척동),서울소방재난본부
송파소방서-가락-119 안전센터,37.4961026,127.1110027,서울특별시,송파구,양재대로 932 (가락동),서울소방재난본부
송파소방서-운동장-119 안전센터,37.5151707,127.0740482,서울특별시,송파구,올림픽로 25 (잠실동),서울소방재난본부
송파소방서-잠실-119 안전센터,37.5073324,127.0939009,서울특별시,송파구,석촌호수로 151 (잠실동),서울소방재난본부
송파소방서-방이-119 안전센터,37.5197783,127.1365886,서울특별시,송파구,강동대로 286 (방이동),서울소방재난본부
송파소방서-거여-119 안전센터,37.4941828,127.1518354,서울특별시,송파구,마천로 329 (마천동),서울소방재난본부
송파소방서-마천-119 안전센터,37.4998433,127.1425984,서울특별시,송파구,오금로51길 56 (마천동),서울소방재난본부
강동소방서-길동-119 안전센터,37.5409802,127.1443628,서울특별시,강동구,천중로 215 (길동),서울소방재난본부
강동소방서-암사-119 안전센터,37.5539916,127.128655,서울특별시,강동구,올림픽로 815 (암사동),서울소방재난본부
강동소방서-강동_고덕-119 안전센터,37.5571873,127.152018,서울특별시,강동구,양재대로156길 133 (고덕동),서울소방재난본부
강동소방서-천호-119 안전센터,37.5386191,127.1313867,서울특별시,강동구,진황도로 37 (천호동),서울소방재난본부
강동소방서-성내-119 안전센터,37.5292678,127.1249082,서울특별시,강동구,성내로 39 (성내동),서울소방재난본부
양천소방서-신트리-119 안전센터,37.5105844,126.8479829,서울특별시,양천구,신정로 238 (신정동),서울소방재난본부
양천소방서-양천_신월-119 안전센터,37.5279103,126.8330352,서울특별시,양천구,남부순환로 448 (신월동),서울소방재난본부
양천소방서-목동-119 안전센터,37.5428174,126.8835562,서울특별시,양천구,안양천로 1139 (목동),서울소방재난본부
양천소방서-양천_신정-119 안전센터,37.521759,126.8509481,서울특별시,양천구,신월로 268 (신정동),서울소방재난본부
양천소방서-양천-119 안전센터,37.5302527,126.8723636,서울특별시,양천구,목동서로 180 (목동),서울소방재난본부
강서소방서_서울-개화-119 안전센터,37.5749702,126.8031364,서울특별시,강서구,개화동로19길 8 (개화동),서울소방재난본부
강서소방서_서울-방화-119 안전센터,37.5798064,126.8142928,서울특별시,강서구,금낭화로26길 10 (방화동),서울소방재난본부
강서소방서_서울-발산-119 안전센터,37.5552773,126.8368686,서울특별시,강서구,강서로 329 (내발산동),서울소방재난본부
강서소방서_서울-화곡-119 안전센터,37.5436499,126.8452334,서울특별시,강서구,까치산로 49 (화곡동),서울소방재난본부
강서소방서_서울-등촌-119 안전센터,37.5579833,126.860275,서울특별시,강서구,양천로 550 (등촌동),서울소방재난본부
동작소방서-동작_백운-119 안전센터,37.4948055,126.9615958,서울특별시,동작구,사당로 63 (상도동),서울소방재난본부
동작소방서-상도-119 안전센터,37.4990137,126.9294742,서울특별시,동작구,국사봉1길 17 (상도동),서울소방재난본부
동작소방서-노량진-119 안전센터,37.5136766,126.9469479,서울특별시,동작구,노량진로 187 (노량진동),서울소방재난본부
동작소방서-동작-119 안전센터,37.4946106,126.9176919,서울특별시,동작구,여의대방로16길 55(신대방동),서울소방재난본부
관악소방서-난곡-119 안전센터,37.4757048,126.9160379,서울특별시,관악구,난곡로 243 (신림동),서울소방재난본부
관악소방서-관악_신림-119 안전센터,37.4896367,126.9239763,서울특별시,관악구,봉천로 202 (신림동),서울소방재난본부
관악소방서-봉천-119 안전센터,37.4859836,126.9411197,서울특별시,관악구,은천로 54 (봉천동),서울소방재난본부
관악소방서-관악-119 안전센터,37.4739307,126.9523141,서울특별시,관악구,관악로 97 (봉천동),서울소방재난본부
서초소방서-우면-119 안전센터,37.4795644,127.0218874,서울특별시,서초구,남부순환로340길 49 (서초동),서울소방재난본부
서초소방서-잠원-119 안전센터,37.4990775,127.0116219,서울특별시,서초구,서초중앙로29길 6 (반포동),서울소방재난본부
서초소방서-서초-119 안전센터,37.4880256,127.0275962,서울특별시,서초구,효령로 400 (서초동),서울소방재난본부
서초소방서-양재-119 안전센터,37.469475,127.0408455,서울특별시,서초구,동산로 9 (양재동),서울소방재난본부
서초소방서-방배-119 안전센터,37.4755078,126.9882099,서울특별시,서초구,남부순환로 2155 (방배동),서울소방재난본부
서초소방서-반포-119 안전센터,37.498466,126.9919369,서울특별시,서초구,사평대로 67 (반포동),서울소방재난본부
강남소방서-개포-119 안전센터,37.474758,127.0499072,서울특별시,강남구,논현로 10길 19 (개포동),서울소방재난본부
강남소방서-수서-119 안전센터,37.4849425,127.092867,서울특별시,강남구,광평로31길 6 (수서동),서울소방재난본부
강남소방서-역삼-119 안전센터,37.4971347,127.0424589,서울특별시,강남구,역삼로 236 (역삼동),서울소방재난본부
강남소방서-영동-119 안전센터,37.5221429,127.0369506,서울특별시,강남구,도산대로 320 (논현동),서울소방재난본부
강남소방서-강남_삼성-119 안전센터,37.5102929,127.06684,서울특별시,강남구,테헤란로 629 (삼성동),서울소방재난본부
마포소방서-공덕-119 안전센터,37.5500544,126.9597723,서울특별시,마포구,만리재옛길 82 (공덕동),서울소방재난본부
마포소방서-마포_성산-119 안전센터,37.5706103,126.9031294,서울특별시,마포구,월드컵북로 240 (성산동),서울소방재난본부
마포소방서-서교-119 안전센터,37.5502855,126.9155632,서울특별시,마포구,양화로 60 (서교동),서울소방재난본부
중부소방서_대구-성명-119 안전센터,35.8334026,128.5601525,대구광역시,남구,대명남로 12-1,대구소방안전본부
중부소방서_대구-대명-119 안전센터,35.8374047,128.5790738,대구광역시,남구,현충로15길 21-81,대구소방안전본부
중부소방서_대구-봉덕-119 안전센터,35.8490502,128.5992964,대구광역시,남구,희망로3길 29,대구소방안전본부
중부소방서_대구-명덕-119 안전센터,35.8555084,128.5872111,대구광역시,남구,명덕로34길 22,대구소방안전본부
중부소방서_대구-삼덕-119 안전센터,35.8671907,128.5996645,대구광역시,중구,공평로 35,대구소방안전본부
중부소방서_대구-대신-119 안전센터,35.8688788,128.5807617,대구광역시,중구,큰장로26길 45,대구소방안전본부
중부소방서_대구-서문로-119 안전센터,35.8715329,128.5899696,대구광역시,중구,경상감영길 45,대구소방안전본부
중부소방서_대구-남산-119 안전센터,35.862557,128.575188,대구광역시,중구,달구벌대로 1926,대구소방안전본부
항만소방서-항만_청학-119 안전센터,35.0981459,129.0565835,부산광역시,영도구,태종로 274(청학동),부산소방안전본부
항만소방서-영선-119 안전센터,35.091015,129.043475,부산광역시,영도구,태종로 115(영선동),부산소방안전본부
항만소방서-동삼-119 안전센터,35.0817621,129.0767847,부산광역시,영도구,해양로 297(동삼동),부산소방안전본부
기장소방서-장안-119 안전센터,35.3330346,129.2632776,부산광역시,기장군,장안산단 3로 43(장안읍),부산소방안전본부
기장소방서-기장_송정-119 안전센터,35.1838206,129.2030354,부산광역시,해운대구,송정중앙로 15번길 16(송정동),부산소방안전본부
기장소방서-기장-119 안전센터,35.2385406,129.2154739,부산광역시,기장군,기장읍 차성동로 5번길 16(기장읍),부산소방안전본부
기장소방서-정관-119 안전센터,35.3249052,129.1799668,부산광역시,기장군,정관면 용수로 7(정관읍),부산소방안전본부
강서소방서_부산-지사-119 안전센터,35.1486079,128.8331917,부산광역시,강서구,과학산단로 333번길 3(지사동),부산소방안전본부
강서소방서_부산-강동-119 안전센터,35.174757,128.9160116,부산광역시,강서구,제도로 696(강동동),부산소방안전본부
강서소방서_부산-대저-119 안전센터,35.2157185,128.9768221,부산광역시,강서구,대저로221번길 25(대저동),부산소방안전본부
강서소방서_부산-신호-119 안전센터,35.0854377,128.8795395,부산광역시,강서구,신호산단4로 62(신호동),부산소방안전본부
강서소방서_부산-녹산-119 안전센터,35.0896166,128.8567949,부산광역시,강서구,녹산산단361로 9(송정동),부산소방안전본부
남부소방서_부산-용당-119 안전센터,35.1206377,129.0986493,부산광역시,남구,신선로 398(용당동),부산소방안전본부
남부소방서_부산-망미-119 안전센터,35.176343,129.106388,부산광역시,수영구,과정로55번길 16(망미동),부산소방안전본부
남부소방서_부산-대연-119 안전센터,35.13623,129.0970253,부산광역시,남구,수영로 279(대연동),부산소방안전본부
남부소방서_부산-감만-119 안전센터,35.1177385,129.0805284,부산광역시,남구,우암로 81(감만동),부산소방안전본부
남부소방서_부산-광안-119 안전센터,35.1631655,129.1070458,부산광역시,수영구,광일로 64(광안동),부산소방안전본부
금정소방서-반송-119 안전센터,35.225382,129.1469919,부산광역시,해운대구,아랫반송로 10(반송동),부산소방안전본부
금정소방서-금정_남산-119 안전센터,35.2614346,129.0868811,부산광역시,금정구,두실로 46(남산동),부산소방안전본부
금정소방서-서동-119 안전센터,35.2090357,129.1032981,부산광역시,동래구,반송로 331(명장동),부산소방안전본부
금정소방서-금정_부곡-119 안전센터,35.2440955,129.0928131,부산광역시,금정구,중앙대로 1789(부곡동),부산소방안전본부
해운대소방서-센텀-119 안전센터,35.1737606,129.1307991,부산광역시,해운대구,센텀동로 50(우동),부산소방안전본부
해운대소방서-좌동-119 안전센터,35.1736444,129.16647,부산광역시,해운대구,대천로 67번길 35(좌동),부산소방안전본부
해운대소방서-반여-119 안전센터,35.197491,129.117714,부산광역시,해운대구,선수촌로 21번길 64(반여동),부산소방안전본부
해운대소방서-해운대_중동-119 안전센터,35.1606971,129.1758624,부산광역시,해운대구,달맞이길 117번길 72(중동),부산소방안전본부
해운대소방서-우동-119 안전센터,35.1593466,129.1436628,부산광역시,해운대구,해운대해변로 106(우동),부산소방안전본부
사하소방서-감천-119 안전센터,35.0863046,129.0047954,부산광역시,사하구,원양로 405(감천동),부산소방안전본부
사하소방서-다대-119 안전센터,35.0511765,128.9703669,부산광역시,사하구,다대로 622(다대동),부산소방안전본부
사하소방서-하단-119 안전센터,35.1065237,128.9655906,부산광역시,사하구,낙동남로 1407(하단동),부산소방안전본부
사하소방서-괴정-119 안전센터,35.0994224,128.9883833,부산광역시,사하구,낙동대로 262(괴정동),부산소방안전본부
사하소방서-사하_신평-119 안전센터,35.090107,128.9733717,부산광역시,사하구,장평로 270(신평동),부산소방안전본부
북부소방서_부산-만덕-119 안전센터,35.2048093,129.0331892,부산광역시,북구,함박봉로 142(만덕동),부산소방안전본부
북부소방서_부산-금곡-119 안전센터,35.2672881,129.0176491,부산광역시,북구,금곡대로616번길 151(금곡동),부산소방안전본부
북부소방서_부산-학장-119 안전센터,35.1396896,128.9904597,부산광역시,사상구,학감대로 89(학장동),부산소방안전본부
북부소방서_부산-모라-119 안전센터,35.1909804,128.9922759,부산광역시,사상구,백양대로 950(모라동),부산소방안전본부
북부소방서_부산-주례-119 안전센터,35.1540872,129.0041481,부산광역시,사상구,양지로22번길 7(주례동),부산소방안전본부
북부소방서_부산-화명-119 안전센터,35.2252887,129.0103213,부산광역시,북구,금곡대로 184(화명동),부산소방안전본부
북부소방서_부산-구포-119 안전센터,35.2106544,129.0087257,부산광역시,북구,만덕대로 31(덕천동),부산소방안전본부
북부소방서_부산-감전-119 안전센터,35.1518805,128.9773878,부산광역시,사상구,가야대로 41(감전동),부산소방안전본부
북부소방서_부산-삼락-119 안전센터,35.174463,128.978749,부산광역시,사상구,삼덕로 17(삼락동),부산소방안전본부
동래소방서-동래_사직-119 안전센터,35.1946642,129.0592537,부산광역시,동래구,체육공원로 74(사직동),부산소방안전본부
동래소방서-양정-119 안전센터,35.1753992,129.0759106,부산광역시,부산진구,연제로9번길 42(양정동),부산소방안전본부
동래소방서-온천-119 안전센터,35.2231298,129.0775825,부산광역시,동래구,우장춘로 196(온천동),부산소방안전본부
동래소방서-수안-119 안전센터,35.1981607,129.0838088,부산광역시,동래구,명륜로45번길 7(수안동),부산소방안전본부
동래소방서-동래_연산-119 안전센터,35.1843589,129.1052426,부산광역시,연제구,고분로 216(연산동),부산소방안전본부
부산진소방서-당감-119 안전센터,35.1717173,129.0285277,부산광역시,부산진구,백양산로53번길 65(당감동),부산소방안전본부
부산진소방서-부암-119 안전센터,35.1669155,129.0507416,부산광역시,부산진구,신천대로 282(부암동),부산소방안전본부
부산진소방서-부산진_가야-119 안전센터,35.1557509,129.0403885,부산광역시,부산진구,가야대로 627(가야동),부산소방안전본부
부산진소방서-수정-119 안전센터,35.1296279,129.049219,부산광역시,동구,중앙대로 383-1(수정동),부산소방안전본부
부산진소방서-부전-119 안전센터,35.1579737,129.0646,부산광역시,부산진구,서전로 43(전포동),부산소방안전본부
부산진소방서-범일-119 안전센터,35.1404454,129.0590339,부산광역시,동구,범일로 115(범일동),부산소방안전본부
공단소방서-옥련-119 안전센터,37.420716,126.6519573,인천광역시,연수구,청량로 155번길 7(옥련동),인천소방본부
공단소방서-공단_고잔-119 안전센터,37.4081309,126.6930221,인천광역시,남동구,남동서로 208(고잔동),인천소방본부
서부소방서_인천-청라-119 안전센터,37.5319198,126.6271065,인천광역시,서구,경서동 628-3,인천소방본부
서부소방서_인천-검암-119 안전센터,37.5640662,126.6735709,인천광역시,서구,검암동 606-9,인천소방본부
서부소방서_인천-검단-119 안전센터,37.6026559,126.6551368,인천광역시,서구,왕길동 635-4,인천소방본부
서부소방서_인천-석남-119 안전센터,37.5006029,126.672973,인천광역시,서구,석남로102(석남동),인천소방본부
서부소방서_인천-서부(인천)_신현-119 안전센터,37.5146839,126.672275,인천광역시,서구,신현동 294,인천소방본부
서부소방서_인천-가좌-119 안전센터,37.4795785,126.6800947,인천광역시,서구,가좌동 540-1,인천소방본부
서부소방서_인천-서부(인천)_연희-119 안전센터,37.54316,126.6773037,인천광역시,서구,서곶로292(심곡동),인천소방본부
부평소방서_인천-부평_삼산-119 안전센터,37.5117671,126.7360679,인천광역시,부평구,충선로 252,인천소방본부
부평소방서_인천-부개-119 안전센터,37.4978952,126.7396775,인천광역시,부평구,부개로 6,인천소방본부
부평소방서_인천-산곡-119 안전센터,37.4956763,126.703125,인천광역시,부평구,마장로 198,인천소방본부
부평소방서_인천-십정-119 안전센터,37.4803235,126.6972752,인천광역시,부평구,경원대로 1111,인천소방본부
부평소방서_인천-부평-119 안전센터,37.4921796,126.7234499,인천광역시,부평구,부평대로 8,인천소방본부
부평소방서_인천-부평_갈산-119 안전센터,37.5202441,126.7221321,인천광역시,부평구,부평대로 324,인천소방본부
남동소방서_인천-간석-119 안전센터,37.4627611,126.7218843,인천광역시,남동구,백범로 248번길,인천소방본부
남동소방서_인천-만수-119 안전센터,37.4487148,126.7313267,인천광역시,남동구,인주대로 845,인천소방본부
남동소방서_인천-구월-119 안전센터,37.449058,126.7159427,인천광역시,남동구,인주대로 714-8,인천소방본부
중부소방서_인천-백령-119 안전센터,37.967471,124.7175276,인천광역시,옹진군,백령면 백령남로 30,인천소방본부
중부소방서_인천-만석-119 안전센터,37.4833866,126.6257931,인천광역시,동구,제물량로 396,인천소방본부
중부소방서_인천-송림-119 안전센터,37.4743122,126.6440944,인천광역시,동구,샛골로 133,인천소방본부
중부소방서_인천-중부(인천)_송현-119 안전센터,37.4863128,126.6509907,인천광역시,동구,방축로 39,인천소방본부
중부소방서_인천-중부(인천)_중앙-119 안전센터,37.4701263,126.6222875,인천광역시,중구,인중로 204,인천소방본부
강서소방서_대구-매곡-119 안전센터,35.8611492,128.4541256,대구광역시,달성군,다사읍 달구벌대로 753,대구소방안전본부
강서소방서_대구-대천-119 안전센터,35.8249447,128.5067496,대구광역시,달서구,달서대로58길 129,대구소방안전본부
강서소방서_대구-죽전-119 안전센터,35.8525899,128.537634,대구광역시,달서구,와룡로 222,대구소방안전본부
강서소방서_대구-성서-119 안전센터,35.8495073,128.506873,대구광역시,달서구,성서로 357,대구소방안전본부
강서소방서_대구-다사-119 안전센터,35.8554417,128.4674366,대구광역시,달성군,다사읍 달구벌대로 920,대구소방안전본부
달성소방서-구지-119 안전센터,35.6400521,128.4189803,대구광역시,달성군,구지면 달성2차로 111,대구소방안전본부
달성소방서-화원-119 안전센터,35.79876,128.5018001,대구광역시,달성군,화원읍 화암로 122,대구소방안전본부
달성소방서-논공-119 안전센터,35.7300884,128.4530232,대구광역시,달성군,논공읍 논공중앙로33길 5,대구소방안전본부
달성소방서-현풍-119 안전센터,35.6826279,128.4469746,대구광역시,달성군,현풍면 비슬로 480,대구소방안전본부
달서소방서-도원-119 안전센터,35.8090018,128.5356389,대구광역시,달서구,도원로 8,대구소방안전본부
달서소방서-본리-119 안전센터,35.8396937,128.5450815,대구광역시,달서구,대명천로 134,대구소방안전본부
달서소방서-송현-119 안전센터,35.8200211,128.542026,대구광역시,달서구,월배로 262,대구소방안전본부
달서소방서-월성-119 안전센터,35.831088,128.5347565,대구광역시,달서구,학산로 75,대구소방안전본부
수성소방서-무열로-119 안전센터,35.87079,128.64815,대구광역시,수성구,무열로 139,대구소방안전본부
수성소방서-고산-119 안전센터,35.8403196,128.7045373,대구광역시,수성구,고산로 105,대구소방안전본부
군포소방서-송정-119 안전센터,37.3683,127.9271,경기도,군포시,산본동1156,경기재난본부
