경도,위도,원격제어,관리기관1,관리기관2,보호대상구분,보호대상물,설치년도,시도,시군구,상세주소
127.0134,37.47578,불가능,서울특별시,서초구,문화재,대성사,2012,서울특별시,서초구,서초동 산140-1
127.099387,37.553812,가능,서울특별시,광진구,주요기반시설,주거밀집지,2013,서울특별시,광진구,구의동 3-3
127.097098,37.561146,가능,서울특별시,광진구,주요기반시설,주거밀집지,2013,서울특별시,광진구,중곡동 143-127
126.97736,37.46685,가능,서울특별시,관악구,문화재,관음사,2018,서울특별시,관악구,남현동 499
126.98319792477926,37.59698801,불가능,서울특별시,성북구,공원,북악산,2020,서울특별시,성북구,성북동 산26-1
129.136,35.18315,불가능,부산광역시,해운대구,공원,재송소공원,2012,부산광역시,해운대구,재송동 산74-1
129.00124,35.16871,불가능,부산광역시,사상구,학교,신라대학교,2012,부산광역시,사상구,괘법동 산1-25
129.12287,35.10826,불가능,부산광역시,남구,주요기반시설,53사단,2014,부산광역시,남구,용호동 산190-3번지 외 3필지
129.23237,35.37543,불가능,부산광역시,기장군,문화재,장안사,2015,부산광역시,기장군,장안읍 장안리 591
129.06674,35.2878,불가능,부산광역시,금정구,문화재,범어사,2017,부산광역시,금정구,범어사로 205
129.02666,35.17565,불가능,부산광역시,부산진구,문화재,선암사,2018,부산광역시,부산진구,부암3동 628
129.2225,35.1884,가능,부산광역시,기장군,문화재,해동용궁사,2018,부산광역시,기장군,기장급 시랑리 416-3
129.050858,35.190169,가능,부산광역시,연제구,주요기반시설,국가기록원,2020,부산광역시,연제구,거제동 1400-4
128.53772,35.77072,불가능,대구광역시,달성군,휴양림,화원자연휴양림,2012,대구광역시,달성군,화원읍 본리리 산127-1
128.37118,35.69965,가능,대구광역시,달성군,문화재,도동서원,2017,대구광역시,달성군,구지면 도동리 35
128.41691,35.9119,가능,대구광역시,달성군,문화재,태고정,2018,대구광역시,달성군,하빈면 묘리 638
127.48346058,36.0098994,불가능,대전광역시,동구,주요기반시설,민군송신중계시설,2012,대전광역시,동구,세천동 산43-3
127.35971,36.32259,불가능,대전광역시,서구,문화재,내원사,2014,대전광역시,서구,도마2동 424-1
127.29069,36.36552,가능,대전광역시,유성구,주요기반시설,국립현충원,2015,대전광역시,유성구,현충원로 251
129.27686,35.57697,불가능,울산광역시,중구,휴양림,입화산산림욕장,2015,울산광역시,중구,다운동 산47-1
127.34763,36.52776,불가능,세종특별자치시,세종시,문화재,황룡사,2014,세종특별자치시,,연동면 명학리 230
127.30255,36.5228,가능,세종특별자치시,세종시,주요기반시설,국토지리정보원,2015,세종특별자치시,,연기면 세종리 산182
127.22759,36.47348,가능,세종특별자치시,세종시,문화재,영평사,2016,세종특별자치시,,장군면 산학리 444
127.19209,36.61139,가능,세종특별자치시,세종시,문화재,비암사,2017,세종특별자치시,,전의면 다방리 4
127.19181,36.64041,가능,세종특별자치시,세종시,문화재,청안사,2021,세종특별자치시,,전의면 양곡리 33-1
127.30019,36.43626,가능,세종특별자치시,세종시,문화재,송림사,2021,세종특별자치시,,금남면 축산리 273-1
127.51916,37.51659,불가능,경기도,양평군,휴양림,용문산자연휴양림,2013,경기도,양평군,양평읍 약수사길 78-14
127.66082,37.29834,불가능,경기도,여주시,문화재,신륵사,2014,경기도,여주시,천송동 282
127.50308,37.12676,가능,경기도,이천시,문화재,원경사,2014,경기도,이천시,설성면 수산리 산65-1
127.31536,37.75608,가능,경기도,산림환경연구소,휴양림,축령산자연휴양림,2015,경기도,남양주시,수동면 축령산로 299
126.6444444,37.22527778,가능,경기도,산림환경연구소,수목원,바다향기수목원,2016,경기도,안산시 단원구,선감동 8-5
127.46426,37.83785,불가능,경기도,가평군,휴양림,칼봉산자연휴양림,2017,경기도,가평군,가평읍 경반리 산138-1
127.28891,36.91358,불가능,경기도,안성시,문화재,청룡사,2018,경기도,안성시,서운면 청용리 28
127.29556,37.70635,불가능,경기도,남양주시,수목원,물맑음수목원,2018,경기도,남양주시,수동면 지둔리 산129
127.31212,36.94072,불가능,경기도,안성시,휴양림,서운산자연휴양림,2019,경기도,안성시,금광면 상중리 산25-1
127.03765,37.2903,불가능,경기도,수원시,전통사찰,봉녕사,2020,경기도,수원시 팔달구,팔달대로 236-54
126.93596,37.41908,불가능,경기도,안양시,수목원,관악수목원,2020,경기도,안양시 만안구,예술공원로 280
126.93772,37.26115,불가능,경기도,수원시,전통사찰,용화사,2021,경기도,수원시 권선구,호매실동 905-2
127.26999,37.31551,불가능,경기도,용인시,휴양림,용인자연휴양림,2021,경기도,용인시 처인구,모현읍 초부로 220
128.88572,37.54975,불가능,강원도,산림과학연구원,수목원,백두대간생태수목원,2012,강원특별자치도,정선군,임계면 임계리 산8-12
128.032,37.25157,불가능,강원도,원주시,휴양림,치악산자연휴양림,2013,강원특별자치도,원주시,판부면 금대리 산120
128.79519,37.22447,불가능,강원도,정선군,휴양림,도사곡자연휴양림,2013,강원특별자치도,정선군,사북읍 사북리 447-4임
128.31999,38.03464,불가능,강원도,인제군,휴양림,하추자연휴양림,2013,강원특별자치도,인제군,인제읍 하추리 산64
128.88716,37.55014,불가능,강원도,산림과학연구원,수목원,백두대간생태수목원,2013,강원특별자치도,정선군,임계면 임계리 산8-12
128.62639,38.1238,불가능,강원도,양양군,문화재,낙산사#1,2014,강원특별자치도,양양군,강현면 전진리 산5-2
128.62645,38.12489,불가능,강원도,양양군,문화재,낙산사#2,2014,강원특별자치도,양양군,강현면 전진리 산5-2
128.78753,37.22285,불가능,강원도,정선군,휴양림,도사곡자연휴양림,2014,강원특별자치도,정선군,사북읍 사북리 447-1임
127.74378,37.74746,불가능,강원도,춘천시,휴양림,춘천숲자연휴양림,2015,강원특별자치도,춘천시,동산면 군자리 산403
127.7889,38.0394,가능,강원도,화천군,목재체험장,한옥학교,2015,강원특별자치도,화천군,간동면 유촌리 산36
127.56901,37.74532,불가능,강원도,춘천시,문화재,의암류인석기념관묘소,2016,강원특별자치도,춘천시,남면 가정리 산91
127.6982,38.1066,가능,강원도,화천군,문화재,화천향교,2016,강원특별자치도,화천군,화천읍 하리 산2
128.43868,38.3781,불가능,강원도,고성군,문화재,간성향교#2,2017,강원특별자치도,고성군,간성읍 교동리 산60
128.43839,38.3793,불가능,강원도,고성군,문화재,간성향교#2,2017,강원특별자치도,고성군,간성읍 교동리 산60
127.35696,38.22852,가능,강원도,철원군,목재체험장,두루웰숲속문화촌,2018,강원특별자치도,철원군,갈말읍 지경리 산5
128.99863,37.71835,가능,강원도,강릉시,휴양림,임해자연휴양림,2020,강원특별자치도,강릉시,강동면 안인진리 산46-1
127.83409,37.72201,가능,강원도,홍천군,수목원,무궁화수목원,2020,강원특별자치도,홍천군,북방면 능평리 산57
127.68784,36.81702,불가능,충청북도,괴산군,문화재,보광사,2012,충청북도,괴산군,사리면 사담리 산2-30
128.04544,37.14724,불가능,충청북도,제천시,휴양림,박달재자연휴양림,2012,충청북도,제천시,백운면 평동리 산71
128.28224,37.20422,불가능,충청북도,제천시,문화재,강천사,2013,충청북도,제천시,송학면 시곡리 산79-8
127.855,36.80305556,불가능,충청북도,괴산군,휴양림,성불산자연휴양림,2013,충청북도,괴산군,괴산읍 검승리 산28-1
127.75362,37.02749,불가능,충청북도,충주시,휴양림,문성자연휴양림,2014,충청북도,충주시,노은면 문성리 138
127.82934,37.05687,불가능,충청북도,충주시,휴양림,봉황자연휴양림,2016,충청북도,충주시,중앙탑면 봉황리 산17-1
127.65268,36.70331,가능,충청북도,증평군,휴양림,좌구산자연휴양림,2017,충청북도,증평군,증평읍 율리 산61-1
127.82587,36.05254,가능,충청북도,영동군,휴양림,민주지산자연휴양림,2018,충청북도,영동군,용화면 조동리 산4-129
128.46998,37.06267,가능,충청북도,단양군,휴양림,소백산자연휴양림,2019,충청북도,단양군,영춘면 하리 산62
127.78523,36.5745,불가능,충청북도,보은군,휴양림,충북알프스자연휴양림,2020,충청북도,보은군,산외면 장갑리 산18-5
128.04593,36.81218,가능,충청북도,산림환경연구소,휴양림,조령산자연휴양림,2020,충청북도,괴산군,연풍면 원풍리 산1r
127.55804,36.24398,가능,충청북도,옥천군,휴양림,장령산자연휴양림,2020,충청북도,옥천군,군서면 금산리 산15
127.65364,37.03819,가능,충청북도,음성군,휴양림,수레의산자연휴양림,2021,충청북도,음성군,생극면 차행로 310-108
127.96126,37.21359,가능,충청북도,산림환경연구소,생태숲,덕동생태숲,2021,충청북도,제천시,백운면 덕동리 233-6
126.86149936381376,36.69027281702736,불가능,충청남도,예산군,문화재,향천사,2012,충청남도,예산군,예산읍 향천리 57
126.58477,36.90886,불가능,충청남도,당진시,수목원,삼선산수목원,2012,충청남도,당진시,고대면 진관리 산129-12
126.364282,36.497673,가능,충청남도,산림자원연구소,휴양림,안면도자연휴양림(2셋트),2013,충청남도,태안군,안면읍 승언리 산32-367
126.66498,36.33355,불가능,충청남도,보령시,휴양림,성주산자연휴양림,2014,충청남도,보령시,성주면 화장골길 57-230
127.37709,36.05366,불가능,충청남도,금산군,휴양림,남이자연휴양림,2014,충청남도,금산군,남이면 느티골길 200
127.34238,36.1226,불가능,충청남도,금산군,휴양림,대둔산자연휴양림,2015,충청남도,금산군,진산면 대둔산로 6
127.012,36.559,가능,충청남도,공주시,문화재,마곡사(대웅보전),2016,충청남도,공주시,사곡면 마곡사로 966
126.15729,36.80155,불가능,충청남도,태안군,수목원,천리포수목원,2016,충청남도,태안군,소원면 천리포1길 187
127.2061111,36.10833333,가능,충청남도,논산시,문화재,쌍계사,2017,충청남도,논산시,양촌면 중산리 3
126.711934,36.3385341,가능,충청남도,부여군,휴양림,만수산자연휴양림,2018,충청남도,부여군,외산면 삼산리 산40
127.2491667,36.15833333,가능,충청남도,논산시,휴양림,양촌자연휴양림,2019,충청남도,논산시,양촌면 남산리 산12-4
126.446745,36.9377253,가능,충청남도,서산시,전통사찰,망일사,2020,충청남도,서산시,대산읍 망일산로 831-134
126.8438889,36.43583333,가능,충청남도,청양군,휴양림,칠갑산자연휴양림,2020,충청남도,청양군,대치면 광대리 산73
127.011,36.557,가능,충청남도,공주시,문화재,마곡사(영상전),2021,충청남도,공주시,사곡면 마곡사로 산74-2
126.7791667,36.43722222,불가능,충청남도,청양군,휴양림,고추문화마을,2021,충청남도,청양군,청양읍 군량리 산14-2
126.778801,35.613942,불가능,전라북도,정읍시,문화재,미륵암,2013,전북특별자치도,정읍시,고부면 남복리 산6-5
127.540912,35.395807,불가능,전라북도,남원시,휴양림,남원백두대간공원,2013,전북특별자치도,남원시,운봉읍 공안리 산32-1
127.460712,35.658737,가능,전라북도,산림환경연구소,휴양림,데미샘자연휴양림,2014,전북특별자치도,진안군,백운면 덕현리 산100
127.757918,36.011057,불가능,전라북도,무주군,휴양림,무주반디랜드,2014,전북특별자치도,무주군,설천면 무설로 1324
126.702578,35.43783,가능,전라북도,고창군,문화재,고창향교,2015,전북특별자치도,고창군,고창읍 교촌리 248-1
126.514477,35.632653,불가능,전라북도,부안군,휴양림,부안청소년수련원,2016,전북특별자치도,부안군,변산면 참뽕로 434-26
126.692226,35.526147,가능,전라북도,고창군,문화재,흥덕향교,2017,전북특별자치도,고창군,흥덕면 교운리 206
127.234332,35.960581,불가능,전라북도,완주군,휴양림,고산자연휴양림#1,2017,전북특별자치도,완주군,고산면 오산리 산43-1
127.238034,35.954868,불가능,전라북도,완주군,휴양림,고산자연휴양림#2,2017,전북특별자치도,완주군,고산면 오산리 산43-1
127.589518,35.450137,가능,전라북도,남원시,휴양림,흥부골자연휴양림,2018,전북특별자치도,남원시,인월면 인월리 산53-1
127.462518,35.659849,가능,전라북도,산림환경연구소,휴양림,데미샘자연휴양림,2019,전북특별자치도,진안군,백운면 신암리 산1
127.055194,35.729489,가능,전라북도,김제시,문화재,청룡사,2021,전북특별자치도,김제시,금산면 모알15길 80-122
127.76243,34.61322,불가능,전라남도,여수시,휴양림,봉황산자연휴양림,2012,전라남도,여수시,돌산읍 신복리 산391
127.178564,35.01745,불가능,전라남도,화순군,목재체험장,목재체험장,2013,전라남도,화순군,사평면 유마리 산10-5
126.306649,34.46868,불가능,전라남도,진도군,문화재,쌍계사,2014,전라남도,진도군,의신면 사천리 76
127.43899,35.28778,불가능,전라남도,구례군,수목원,야생화테마랜드,2014,전라남도,구례군,광의면 온동2길 124
127.058578,34.888186,불가능,전라남도,화순군,문화재,쌍봉사,2015,전라남도,화순군,이양면 쌍산의로 459
126.685453,34.514825,불가능,전라남도,강진군,휴양림,주작산자연휴양림,2015,전라남도,강진군,신전면 주작산길 398
126.42793,35.18074,가능,전라남도,영광군,문화재,연흥사,2016,전라남도,영광군,군남면 용암리 산113
126.61602,34.69543,불가능,전라남도,해남군,휴양림,흑석산자연휴양림#1,2016,전라남도,해남군,계곡면 산골길 306
126.6174,34.55019,불가능,전라남도,해남군,휴양림,흑석산자연휴양림#2,2019,전라남도,해남군,계곡면 산골길 306
126.98576,34.67266,불가능,전라남도,보성군,휴양림,제암산자연휴양림,2017,전라남도,보성군,웅치면 대산리 산113-1
127.010737,34.67108,가능,전라남도,화순군,문화재,충의사,2018,전라남도,화순군,동면 백용리 422
127.376472,35.039405,가능,전라남도,고흥군,목재체험장,마복산목재문화체험장,2019,전라남도,고흥군,포두면 옥강리 산379
126.91495,34.903139,가능,전라남도,화순군,문화재,비자나무숲,2021,전라남도,화순군,춘양면 가동리 산151
128.99777,36.03555,불가능,경상북도,영천시,휴양림,운주산승마자연휴양림(2셋트),2012,경상북도,영천시,임고면 황강리 산9
128.27118,36.03555,불가능,경상북도,문경시,문화재,대승사,2013,경상북도,문경시,산북면 전두리 산38-1
129.39457,36.16445,불가능,경상북도,포항시,공원,사방기념공원,2013,경상북도,포항시 북구,흥해읍 오도리 산12-1
129.31678,36.253,불가능,경상북도,포항시,문화재,보경사,2014,경상북도,포항시 북구,송라면 중산리 622
129.11193,36.7006,불가능,경상북도,영양군,휴양림,흥림산자연휴양림,2014,경상북도,영양군,일월면 도계리 산190
128.3984,36.25548,불가능,경상북도,구미시,문화재,도리사,2015,경상북도,구미시,해평면 송곡리 산20-1
128.08637,36.77764,불가능,경상북도,문경시,문화재,혜국사,2016,경상북도,문경시,문경읍 상초리 13
128.69065,36.09677,불가능,경상북도,군위군,수목원,티시그린수목원,2016,경상북도,군위군,부계면 창평리 산59-1
128.16581,36.28371,가능,경상북도,구미시,문화재,수다사,2016,경상북도,구미시,무을면 상송리 779
128.44965,36.02512,불가능,경상북도,칠곡군,휴양림,송정자연휴양림,2017,경상북도,칠곡군,석적읍 반계리 산9-1
128.79952,36.90412,가능,경상북도,봉화군,목재체험장,봉화목재문화체험장,2018,경상북도,봉화군,봉성면 창평리 363
128.00187,36.0702,가능,경상북도,김천시,문화재,직지사,2019,경상북도,김천시,대항면 운수리 산84-1
128.28144,36.27975,가능,경상북도,구미시,휴양림,옥성자연휴양림,2019,경상북도,구미시,옥성면 주아리 산145-1
128.8105,36.70288,가능,경상북도,안동시,문화재,한국국학진흥원(장판각),2020,경상북도,안동시,도산면 서부리 220
129.30025,36.5992,가능,경상북도,영덕군,전통사찰,장육사,2020,경상북도,영덕군,창수면 갈천리 120
127.98192,35.88958,가능,경상북도,김천시,휴양림,수도산자연휴양림,2021,경상북도,김천시,대덕면 추량리 산141
128.60722,35.46729,불가능,경상남도,밀양시,문화재,대법사,2012,경상남도,밀양시,무안면 중산리 1128-1
127.91957,35.59839,불가능,경상남도,거창군,문화재,연수사,2012,경상남도,거창군,남상면 무촌리 산312
128.19382,35.2002,불가능,경상남도,진주시,목재체험장,월아산우드랜드 목재문화체험장,2012,경상남도,진주시,진성면 동산리 산134
127.92157,35.08356,불가능,경상남도,사천시,문화재,다솔사,2013,경상남도,사천시,곤명면 용산리 11
128.05302,35.66958,불가능,경상남도,합천군,휴양림,오도산자연휴양림,2013,경상남도,합천군,봉산면 압곡리 산152
128.05302,35.66958,불가능,경상남도,합천군,휴양림,오도산자연휴양림,2013,경상남도,합천군,봉산면 압곡리 산152
127.7413,35.12908,불가능,경상남도,하동군,휴양림,구재봉자연휴양림(2셋트),2014,경상남도,하동군,적량면 서리 산276
128.34,35.3247,불가능,경상남도,창녕군,휴양림,화왕산자연휴양림,2014,경상남도,창녕군,고암면 청간길 128-126
127.71617,35.58192,가능,경상남도,함양군,휴양림,대봉산자연휴양림,2015,경상남도,함양군,병곡면 병곡지곡로 333
127.6088,35.28341,불가능,경상남도,하동군,문화재,칠불사,2016,경상남도,하동군,화개면 범왕리 1605
129.21105,35.41464,불가능,경상남도,양산시,휴양림,대운산자연휴양림,2016,경상남도,양산시,용당동 산66
127.71468,35.58776,가능,경상남도,함양군,휴양림,산삼휴양밸리,2016,경상남도,함양군,병곡면 광평리 산22
127.70885,35.58485,가능,경상남도,함양군,휴양림,대봉산생태숲,2016,경상남도,함양군,병곡면 광평리 산22
128.395387,34.944265,불가능,경상남도,통영시,문화재,안정사,2017,경상남도,통영시,광도면 안정리 1888
128.62609,34.78411,불가능,경상남도,거제시,휴양림,거제자연휴양림,2017,경상남도,거제시,동부면 구천리 산103
129.06433,35.50142,가능,경상남도,양산시,문화재,통도사(축서암),2018,경상남도,양산시,하북면 지산리 산83-1
127.78947,35.72913,불가능,경상남도,금원산산림자원관리소,휴양림,금원산자연휴양림,2018,경상남도,거창군,위천면 상천리 산61-1
127.82386,35.43489,불가능,경상남도,산청군,휴양림,동의보감촌산청한방자연휴양림,2019,경상남도,산청군,금서면 특리 산79-4
129.20715,35.41651,가능,경상남도,양산시,생태숲,대운산생태숲,2020,경상남도,양산시,용당동 산66-2
127.67893,35.59071,가능,경상남도,함양군,휴양림,대봉캠핑랜드,2020,경상남도,함양군,병곡면 원산리 산1-4
127.78678,35.7267,불가능,경상남도,금원산산림자원관리소,휴양림,금원산자연휴양림,2021,경상남도,거창군,위천면 상천리 산61-1
128.60963,34.85869,가능,경상남도,거제시,공원,숲소리공원,2021,경상남도,거제시,거제면 서상리 산13
126.35874,33.36277,불가능,제주특별자치도,제주시,공원,제주들불축제장,2015,제주특별자치도,제주시,애월읍 봉성리 산59-8
126.45879,33.31189,가능,제주특별자치도,서귀포시,휴양림,서귀포자연휴양림,2021,제주특별자치도,서귀포시,대포동 산 1-8
128.82924,37.64028,불가능,북부지방산림청,홍천관리소,모델숲,매화산모델숲#1,2012,강원특별자치도,홍천군,홍천읍 상오안리 산2
127.83078,37.64436,불가능,북부지방산림청,홍천관리소,모델숲,매화산모델숲#2,2012,강원특별자치도,홍천군,홍천읍 상오안리 산2
128.289,37.53644,불가능,북부지방산림청,홍천관리소,휴양림,숲체원,2013,강원특별자치도,횡성군,둔내면 삽교리 산1-3
128.343404,38.237873,불가능,북부지방산림청,인제관리소,휴양림,용대자연휴양림,2014,강원특별자치도,인제군,북면 연화동길 251
126.943554,37.77238,불가능,북부지방산림청,서울관리소,휴양림,아세안자연휴양림,2016,경기도,양주시,백석읍 기산리 산103-1
127.603126,38.312501,불가능,북부지방산림청,민북관리소,DMZ,2군단 15사단,2017,강원특별자치도,철원군,원남면 진현리 산47-1 외 2
126.699861,37.913329,불가능,북부지방산림청,서울관리소,DMZ,파주도라대대,2017,경기도,파주시,장단면 도라산리 산29
127.065798,37.684616,불가능,북부지방산림청,서울관리소,공원,수락산 일대,2018,서울특별시,노원구,상계동 산1-2
127.081073,37.654657,불가능,북부지방산림청,서울관리소,공원,불암산(나비정원 일대),2018,서울특별시,노원구,중계동 산101-1
127.084725,37.661352,불가능,북부지방산림청,서울관리소,공원,불암산(정암사 일대),2018,서울특별시,노원구,중계동 산101-1
126.756343,37.957794,불가능,북부지방산림청,서울관리소,DMZ,파주 백학대대,2018,경기도,파주시,군내면 방목리
127.304239,38.309617,불가능,북부지방산림청,민북관리소,DMZ,3군단 6사단,2018,경기도,철원군,동송면 이길리 산230
126.961668,37.583816,불가능,북부지방산림청,서울관리소,공원,인왕산일대,2019,서울특별시,종로구,옥인동 산3-41
127.771007,37.98085,불가능,북부지방산림청,춘천관리소,휴양림,춘천숲체원,2020,강원특별자치도,춘천시,신북읍 발산리 산32-1
128.193039,38.348066,불가능,북부지방산림청,민북관리소,DMZ,3군단 12사단 초소,2020,강원특별자치도,인제군,서화면 서화리 산162 외 2
126.97443,37.596151,가능,북부지방산림청,서울관리소,공원,북악산청운대 안내소 일대,2021,서울특별시,종로구,부암동 산2-1
126.839244,37.99016,불가능,북부지방산림청,서울관리소,DMZ,연천 25사단,2021,경기도,연천군,장남면 고량포리 산20
128.5956828506268,37.16735438185921,불가능,동부지방산림청,영월관리소,모델숲,대단위조림지,2012,강원특별자치도,영월군,산솔면 연상리 산1-3
129.1888604732694,37.21330450553041,불가능,동부지방산림청,삼척관리소,모델숲,문화재목재림,2012,강원특별자치도,삼척시,원덕읍 이천리 산322
128.3473899373773,38.59293405045348,불가능,동부지방산림청,양양관리소,DMZ,15소초,2012,강원특별자치도,고성군,현내면 명호리 산33
128.33788210959963,38.51720214344866,불가능,동부지방산림청,양양관리소,DMZ,9소초,2013,강원특별자치도,고성군,현내면 마달리 산1
128.34002019180932,38.58256418288943,불가능,동부지방산림청,양양관리소,DMZ,고황봉감시기지,2014,강원특별자치도,고성군,수동면 외면리 산2
128.3470324375714,38.54799076338717,불가능,동부지방산림청,양양관리소,DMZ,12소초,2014,강원특별자치도,고성군,현내면 검장리 산20
128.34293095042457,38.503345968976994,불가능,동부지방산림청,양양관리소,DMZ,사비리소초,2015,강원특별자치도,고성군,현내면 마달리 산1
128.35672761347143,38.60339231638122,불가능,동부지방산림청,양양관리소,DMZ,"717OP, 16소초",2016,강원특별자치도,고성군,현내면 송도진리 산1
129.29534490274645,37.23693485679578,불가능,동부지방산림청,삼척관리소,휴양림,검봉산자연휴양림,2019,강원특별자치도,삼척시,원덕읍 임원리 산1
128.99798,37.04715,불가능,남부지방산림청,영주관리소,모델숲,문화재목재림,2012,경상북도,봉화군,석포면 대현리 산13-1
129.2842,36.76249,불가능,남부지방산림청,영덕관리소,모델숲,문화재목재림,2012,경상북도,영양군,수비면 본신리 산24-1
129.21424,37.01932,불가능,남부지방산림청,울진관리소,모델숲,금강소나무생태관리센터,2012,경상북도,울진군,금강송면 소광리 산29
129.00076,35.6623,불가능,남부지방산림청,구미관리소,문화재,천문사,2013,경상북도,청도군,운문면 신원리 산29-6
129.03193,35.28424,가능,남부지방산림청,양산관리소,문화재,통도사,2013,경상남도,양산시,하북면 지산리 산83-1
129.36684,36.62512,불가능,남부지방산림청,영덕관리소,휴양림,칠보산자연휴양림,2019,경상북도,영덕군,병곡면 영리 산214
129.02473,35.64977,가능,남부지방산림청,구미관리소,휴양림,운문산자연휴양림,2020,경상북도,청도군,운문면 신원리 산29-6
127.63917839655338,35.457771587058346,불가능,서부지방산림청,함양관리소,모델숲,시범림,2012,경상남도,함양군,함양읍 죽림리 산364
127.81575142314648,35.90721635790749,불가능,서부지방산림청,무주관리소,휴양림,덕유산자연휴양림,2014,전북특별자치도,무주군,무풍면 구천동로 530-62
128.02452138329227,34.751780932585206,불가능,서부지방산림청,함양관리소,휴양림,남해편백자연휴양림,2015,경상남도,남해군,삼동면 금암로 658
127.04551,37.59661,불가능,국립산림과학원,,모델숲,시험림,2012,서울특별시,동대문구,회기로 57
