fire_id,위도,경도,진화접근취약점수,접근취약등급,임도거리_km,소방서거리_km,소방용수거리_km,산불소화시설거리_km,고도(m),경사도(도),TPI(지형위치지수),TWI(지형다습지수)
F_005181,38.613117771363584,127.17499041776536,100.0,매우 높음,51.52493105562699,47.04414627707795,37.81173821733468,35.670420772022204,548.3667,30.641706484190767,-4.7546387,
F_005828,38.88459470767454,127.0880058535012,100.0,매우 높음,81.91406970844378,77.55734342863057,68.80042742902816,78.52880064648784,563.5188,32.42925315944531,10.974304,
F_005311,38.8483972541508,126.9074886456936,100.0,매우 높음,80.78249194795492,81.98423153039376,68.43048541513812,69.61910915630429,507.5269,30.833047365400184,0.6368103,
F_005122,38.18456019763662,126.56815315002568,100.0,매우 높음,48.2364504277681,41.051024100815404,28.58650137143069,30.311143804199247,567.9673,30.3596744279018,4.895752,
F_005326,39.08149254881282,126.99125127985432,100.0,매우 높음,104.62550221789267,101.08613836555158,91.6779726707829,101.502999771636,644.8412,33.78350104081776,-8.219238,
F_005943,39.08955018804496,127.11685549054752,100.0,매우 높음,133.59766301289122,98.08448622689153,90.16586921453,96.72053460141825,521.13196,30.50229018294769,-0.401062,
F_005342,39.08149254881282,126.99125127985432,100.0,매우 높음,104.62550221789267,101.08613836555158,91.6779726707829,101.502999771636,644.8412,33.78350104081776,-8.219238,
F_006525,38.90507656095807,126.93645526058955,100.0,매우 높음,86.23223683147143,85.84086664528321,73.6327394977428,88.840711592624,1102.4583,40.71719143928415,-4.795044,
F_006062,38.57877044996904,127.22187862958168,100.0,매우 높음,48.03219365617636,41.688653240243006,32.804781610660164,30.82061960924718,581.2991,30.07950998419418,4.309082,
F_005332,39.08149254881282,126.99125127985432,100.0,매우 높음,104.62550221789267,101.08613836555158,91.6779726707829,101.502999771636,644.8412,33.78350104081776,-8.219238,
F_006158,38.7283292385346,127.07937284049092,100.0,매우 높음,64.67683798546668,62.415205982666876,51.652099503266335,50.711980878283306,556.06445,33.72530880375668,-0.03277588,
F_005333,38.64549615449086,126.94864284725035,100.0,매우 높음,58.14148809718601,53.92964364396657,46.13570591365603,49.042398318990195,588.9394,31.635871741909803,14.9887085,
F_005307,39.0812853629794,126.99111262179886,100.0,매우 높음,104.60444276746593,101.06981953098764,91.65737749697418,101.49027285587593,644.8412,33.78350104081776,-8.219238,
F_005483,38.87407143122898,126.9218366049481,100.0,매우 높음,83.19849530513217,83.62424346988172,70.71921067892687,87.22190565764699,1010.73315,32.85417154941586,-4.864746,
F_005303,39.02816432422359,127.02715029842722,100.0,매우 높음,98.33038019447008,94.37464252944663,85.31628235920896,94.77988797417028,767.3226,30.271238833134475,-2.077942,
F_005387,38.954917461240285,127.11114269477628,99.65991117532059,매우 높음,89.59686914512078,84.04564265722465,75.73780044438266,83.88451424165274,823.73517,28.979733525961755,-4.0648804,
F_005357,38.87935172541237,126.85698373006728,99.623370567642,매우 높음,85.40159274417184,87.41382123214032,73.2579643768897,74.91096783788595,533.2211,28.87011170292601,-6.8358765,
F_005951,38.79679884749074,126.75671575272492,99.6161734,매우 높음,80.29793163918845,86.2453948583581,69.13570338946433,73.00527868062214,461.61734,30.11486221661399,7.5253906,
F_005047,38.73171357242828,126.8036977029443,99.5457022,매우 높음,71.95059820694775,68.66272096894582,60.773007877133224,64.84313316470033,454.57022,30.602963468763637,9.898499,
F_006347,38.83958725410711,126.85429907162508,99.52631761149443,매우 높음,81.29368809467914,84.03711881692264,69.27777110353259,71.34575080340383,619.0683,28.578952834483296,1.2745972,
F_006353,38.93873834906661,126.87875581916062,99.5179205536434,매우 높음,91.1473260544865,91.75141550562743,78.75971057998967,95.0853032294516,482.68665,29.073162160930234,-7.1410522,
F_005026,38.92736512118709,126.88236164482034,99.45457050775471,매우 높음,89.84270587351405,90.51500044901931,77.45909758936166,93.94176544203386,737.5017,28.363711523264115,20.017212,
F_005681,38.83732730911819,127.17146094264729,99.3428582078274,매우 높음,76.44168506546787,69.91524899950835,61.73579423726911,69.96003718824277,552.20544,28.02857462348222,6.791931,
F_000304,38.57648626332164,127.09076152557296,99.2689763559359,매우 높음,47.786504440198605,42.1821231899525,34.837754280667646,35.28010075359841,620.9208,27.80692906780769,6.8623047,
F_005563,38.67648344525488,127.0539764066909,99.22934432911197,매우 높음,59.255285521678715,58.81642996770831,46.39413667447373,46.52447966418977,889.39374,27.68803298733589,-0.27178955,
F_005152,38.43138994432851,126.80792640464873,99.2238663,매우 높음,43.97762685181688,43.96771448794234,36.65705589011676,46.383234718840235,422.38663,31.44172233887261,-5.066284,
F_005700,38.710329660151245,126.84016745101206,99.1481365189567,매우 높음,68.41253371248054,64.92322323187766,57.04458131764047,60.87704142443475,699.42426,27.44440955687009,-1.045227,
F_005248,38.76604394188468,126.94855654388996,99.11481865691111,매우 높음,70.9756779743512,72.41829324891455,58.57292454398252,59.887994864841694,734.71716,27.34445597073332,4.3965454,
F_005848,38.97658609803565,127.3253013136452,99.10448750596579,매우 높음,111.72026350174951,81.89447331466832,75.1356026248294,77.90677770298493,871.0736,27.313462517897385,-9.5224,
F_005165,38.79717035064584,126.75776199261792,99.1033975,매우 높음,80.2934581317366,86.20904176548099,69.1214117572815,72.97330474669693,410.33975,30.812072877509124,5.1612244,
F_005223,38.98612311436486,127.07366983928009,99.07202673885682,매우 높음,93.26862555385395,88.47906440131275,79.99414431364612,88.60135979628943,523.62274,27.21608021657047,-7.192627,
F_005313,38.73523379011733,126.81349848187782,99.07095839103738,매우 높음,71.92576390907391,68.52917381786892,60.64558761031865,64.52833988542757,682.3121,27.21287517311213,2.1520386,
F_006085,38.6181159496081,127.208829545619,99.05457973345388,매우 높음,52.26150293433615,46.1225246414728,37.3288372819313,48.95896509335653,500.43478,27.16373920036164,5.5132446,
F_005486,38.88578281737169,126.95935020491336,98.978099235562,매우 높음,83.69052427037398,82.94702983922235,71.01606202373625,85.8769013356949,812.1792,26.934297706686007,-9.493652,
F_005823,39.01867159974188,127.05010182303708,98.95694916775538,매우 높음,97.06020130616984,92.61995532442891,83.99538113167318,92.78639612623155,848.4615,26.87084750326615,0.5477905,
F_005990,38.88686663875129,126.9686621845639,98.94695435244313,매우 높음,83.63749403458678,82.62720743153228,70.92133349029127,85.41148174390396,769.7445,26.840863057329404,4.6867676,
F_006216,39.13172346386672,127.13379891882478,98.93514532299838,매우 높음,135.99078751369544,102.17122474138148,94.45750258443974,100.28891378444376,537.1223,26.80543596899516,4.58197,
F_006266,38.763964171259445,126.86912274129148,98.91669362939474,매우 높음,72.93746001272382,76.71995147656999,61.08296567207694,63.75758824219454,771.38586,26.75008088818423,-17.304688,
F_005538,38.94928856934785,127.31691704949613,98.88167609545137,매우 높음,109.9764605871464,78.97886633836362,72.18383583233845,75.28734855843099,1211.1753,26.64502828635412,-8.321411,
F_005363,38.78274448796108,126.86773039114668,98.80754757788715,매우 높음,74.93886637107406,78.38202574482423,63.023523657736455,65.49878806928268,801.4008,26.422642733661466,13.621521,
F_006244,38.89402358547417,126.88812235432178,98.79908826776472,매우 높음,86.13683064740012,87.14251405646888,73.79053127459588,90.91626922704485,672.8641,26.397264803294146,3.8272095,
F_006054,38.13336854674035,126.53902770446982,98.77012963376721,매우 높음,47.92488855260004,40.025677049255755,24.520970504881642,27.540259267534427,513.88025,31.11541265869765,6.373352,
F_005617,38.96896533629764,127.3591557387416,98.76689155881694,매우 높음,109.09188534867984,80.74201148552689,74.08713034948832,76.18332510598367,641.1345,26.30067467645081,5.3395996,
F_005691,38.98917232222895,127.09253273088528,98.6975592,매우 높음,93.48874342047549,88.19492860840472,79.85087987849971,88.00207563424229,369.75592,33.976360868556625,-9.692444,
F_005254,38.708275296662485,126.77429564683156,98.6608426,매우 높음,70.84329677334995,67.97131303641557,60.07399108513249,64.87566436652045,366.08426,31.55714496043295,4.658844,
F_005616,38.96597103475106,127.06092221995227,98.54573873724178,매우 높음,91.13451132407471,86.82981093083896,78.06128135521773,87.3423227698348,673.94543,25.637216211725352,-6.8286743,
F_006388,38.74393569818084,126.85121545069222,98.51882390061374,매우 높음,71.4511842897777,67.66642959710582,59.81916795514361,63.02405154859055,569.3959,25.55647170184124,-7.9555664,
F_005816,38.509130503368674,127.38115427832264,98.51399265877855,매우 높음,39.99452900544616,29.720226561720402,22.924394318525668,29.52464485877625,695.4069,26.81455756473046,-4.720825,
F_006006,38.852901850864825,126.81650935470572,98.49862537628306,매우 높음,83.85385016607289,87.3059132987576,72.03353383063059,74.4983813542867,654.1574,25.495876128849183,4.6505737,
F_005865,38.87307653081238,126.92967351475744,98.49060667322935,매우 높음,82.91754968403781,83.148948118605,70.40101478481913,86.65466551830757,956.29675,25.471820019688067,-4.540039,
F_005339,38.75647334565304,126.81818306646196,98.4665526418107,매우 높음,73.89794516702635,70.33722670729945,62.46727952712876,66.00355515534106,704.78265,25.39965792543209,4.23053,
F_006174,38.57850170983468,127.0938511173287,98.4525706680086,매우 높음,47.976030879011624,47.993243565406736,35.006107546158425,35.32100344275111,503.01038,25.357712004025824,-7.2005615,
F_005809,38.813975428106914,127.29843576281692,98.44313786393253,매우 높음,73.94181566109889,64.3935347110322,57.467559657544484,62.05693148272625,1096.0721,25.329413591797618,-1.2611084,
F_005732,38.92418021220579,127.12262624466644,98.42618941614647,매우 높음,86.14070509758176,80.48377017951843,72.17066931109788,80.44112273235875,503.89233,25.27856824843941,8.067261,
F_005198,38.58572171057933,127.13546533671648,98.40465890226513,매우 높음,48.48900122115667,46.370604128382354,35.319734649119304,34.207601408978995,544.5167,25.213976706795368,11.756836,
F_005868,38.859745270372485,126.84584753942256,98.39003896747978,매우 높음,83.65883040700261,86.26980503191133,71.63423031208771,73.62577496990563,612.87384,25.17011690243935,-1.4446411,
F_006336,38.62716519644093,126.8467257448932,98.37842983116926,매우 높음,59.8363328667844,56.86921612404614,48.97185923739608,54.02922833354187,702.81494,25.13528949350776,-1.638916,
F_005435,38.735804561901,127.08148582772898,98.37600951369627,매우 높음,65.48385881882264,63.036766554954916,52.44677280315837,51.40272400684841,644.31714,25.12802854108884,-11.020996,
F_005480,38.86997338435799,126.92269377840216,98.32286889494547,매우 높음,82.73821594113963,83.20148752757949,70.26211839507275,86.84257993596958,1013.6835,24.968606684836423,-2.3727417,
F_006076,38.94834781317491,127.26817575226067,98.29141326728448,매우 높음,112.91292315178542,79.57700697022403,72.61745385617235,76.78070787317293,955.54224,24.874239801853435,8.267822,
F_005416,38.93086236943143,126.91623866410896,98.24789090061608,매우 높음,89.44264959720081,89.22962830074468,76.89516424765618,92.18122809627248,621.43134,24.743672701848247,-10.43457,
F_005487,38.931062087318296,126.98139784869836,98.22885820826113,매우 높음,88.24877003979651,86.36413685733163,75.4351882333373,88.42606963595527,746.69604,24.6865746247834,-9.313965,
F_005969,38.79381156246093,126.8643718986225,98.22073532312942,매우 높음,76.19781968806772,79.51640278331064,64.26623442157467,66.66786341550272,731.51764,24.662205969388268,10.059631,
F_005643,38.45217575728508,127.8423650293116,98.21462789065032,매우 높음,31.451977241918247,43.038227271508575,26.01343327566315,26.429255781300647,564.38776,30.27831274359986,-2.0704346,
F_006293,38.60547644268237,127.40232790704012,98.19907632139872,매우 높음,50.811359563656694,40.14482415839482,33.58843150043382,37.19445235778451,967.61536,24.597228964196155,4.2614136,
F_005031,39.02988992377885,127.25843628816271,98.19191319218032,매우 높음,120.1215104475716,88.6503324061013,81.7250013536435,85.51322580031798,904.39777,24.57573957654096,7.63562,
F_005425,38.65327025178035,127.17932711148124,98.19154548763021,매우 높음,56.000167691901794,50.79652973556346,41.8633415600471,39.810265718646484,494.50684,24.739431262890616,19.456177,
F_005005,38.88953587703203,127.0813499675576,98.15177000235536,매우 높음,82.50814244708056,78.29965739023464,69.40908036679221,79.32287059685511,554.2877,24.455310007066085,6.04187,
F_005120,39.032239196891474,127.1294534722349,98.14362270589933,매우 높음,128.28020902916734,91.66251945975515,83.69997685599499,90.54060060458649,904.7188,24.430868117697983,3.071045,
F_006481,38.92658299215998,127.269004808116,98.14002654679524,매우 높음,86.61020572520599,77.18693653028869,70.19903778122753,74.52838811722759,1008.71124,24.420079640385737,-1.5005493,
F_006312,38.63268028194972,127.12080733932238,98.08533748434495,매우 높음,53.768402432547724,51.4257969623667,40.63606644951194,39.48785509932571,420.31598,26.64653305303485,-2.9112854,
F_004970,38.73213896212931,127.1303936473425,98.00000881129502,매우 높음,64.77549160173128,60.59646521972793,51.59385009744198,62.950763451596195,548.9854,24.000026433885065,2.3364868,
F_006320,38.781990535726,126.99624819920396,97.9962972114269,매우 높음,71.71826406076683,71.41478815205448,59.01468572376367,75.28570763386666,345.59012,28.62118803428072,2.325531,
F_006362,38.99515710761837,127.10917403611676,97.97675848090446,매우 높음,94.07470251570966,88.31715050881722,80.10989331657296,87.81452084759587,685.3923,23.930275442713377,-17.533752,
F_005003,38.5345718111361,127.38620868443188,97.96433141230757,매우 높음,42.84482366770165,32.45043970529462,25.72483494852058,31.39568753050753,730.1561,23.892994236922718,3.565918,
F_004980,38.72844693000988,127.5046874163256,97.937611502931,매우 높음,64.35481358888738,54.06670325598131,48.20793182449901,47.08060131243583,911.71606,23.812834508793017,14.604553,
F_006482,38.90679405801746,127.33468970054145,97.93197415583988,매우 높음,105.4538051591251,74.0894037841695,67.33172594280992,70.30361378848777,687.47076,23.795922467519645,13.5401,
F_005256,38.67553038190889,126.87698324692244,97.9296332,매우 높음,63.5457303843612,69.12342821512453,52.045049492796075,55.80303862085653,292.96332,33.602024913072874,-2.5715027,
F_004986,38.72500482035266,127.13795881049388,97.91861338592861,매우 높음,63.96184757373746,59.58431703052425,50.6170842299286,61.90886051691033,447.0654,25.34387815778584,4.2357483,
F_005897,38.72968224344616,127.21911309116454,97.91306606989215,매우 높음,64.70000737336933,57.21043484035,49.12340969732039,57.70690783039501,1160.9418,23.739198209676463,-4.0706787,
F_005010,38.69574254426814,127.17442140029137,97.91004304362255,매우 높음,60.70724724107173,55.23773715093562,46.48513670168407,57.30963758784379,675.8424,23.730129130867645,-8.491638,
F_005459,38.91216413273475,127.32462656971876,97.90564007823245,매우 높음,106.50851189567702,74.79581706216547,68.00790132479527,71.17476825968343,522.8526,23.716920234697373,-2.2661133,
F_006111,38.56998157816608,127.22011892169982,97.90356923319578,매우 높음,47.04308742957265,40.895921404280465,31.92251945761008,29.911692763567373,568.8987,23.84316855423628,-0.1899414,
F_005784,38.88644450811398,126.91631389686655,97.88577491180436,매우 높음,84.65439942947792,85.04594643783551,72.18021014903235,88.55362047529,935.2886,23.65732473541307,9.951355,
F_005606,38.50753795055053,127.3721460765535,97.81454718295623,매우 높음,39.782034515640255,29.688106239121403,22.816007147373355,29.94315282107735,766.0517,24.15269983900988,-0.83099365,
F_005814,38.8370653419362,127.01031964034516,97.79535421341991,매우 높음,77.50727201808336,75.96840128649431,64.6714425134189,78.80339659897146,398.75818,26.42331724025974,-4.523285,
F_006501,38.67339147796308,127.10882148706492,97.7842518819761,매우 높음,58.356088278639675,55.82434172161234,45.250672960714354,59.686824309084244,418.5849,25.79520864592829,-3.5763245,
F_005119,38.57327044668295,127.20478661559711,97.71592320746457,매우 높음,47.262583195744504,41.876122103937725,32.719927092369566,30.635043800846738,548.9808,23.14776962239371,2.492859,
F_004977,38.89617708545743,127.19395318331642,97.68312697581024,매우 높음,83.04033213176007,75.50864995297262,67.72338847098383,74.49759313847287,859.55884,23.049380927430725,-1.6386719,
F_005388,38.65773198667912,127.20513029167718,97.67553688904545,매우 높음,56.6244931205286,50.252368759765844,41.64760944627967,52.33734478281478,453.51614,24.42112646713633,3.324829,
F_006496,38.89100727979995,127.20409365843764,97.6753416518326,매우 높음,82.5072401477112,74.70209556793259,66.9978597836958,73.55354258112634,631.14844,23.02602495549777,-4.9662476,
F_005447,38.67830595946101,126.98816327230662,97.64119033186432,매우 높음,60.63944991567731,62.56588162812287,48.19513324994628,49.78851566460707,323.1978,28.22763699559296,-1.57724,
F_006365,38.92722438106282,126.97927695967014,97.56395098912071,매우 높음,87.86275339012919,86.07727748198029,75.06062198770142,88.21426299694306,754.3983,22.691852967362117,2.2885132,
F_005704,38.81970669055544,127.22509995322658,97.55687475068336,매우 높음,74.71996469329503,66.56496539123413,58.86774230518946,65.74620017499129,735.41504,22.670624252050104,-5.6602783,
F_005128,39.01167645392328,126.9598786151679,97.51239133160102,매우 높음,97.4121215471665,95.21405803830005,84.60284483698007,96.69591793415464,653.43506,22.53717399480308,1.9181519,
F_006356,38.63330781718779,127.43133301758148,97.50873754713423,매우 높음,53.79702248654026,43.13252119137082,36.80004547069623,38.8367740158759,865.11945,22.52621264140268,9.935974,
F_006464,38.54793108203217,127.2141210868804,97.4958545422335,매우 높음,44.545207102184776,39.01826785666916,29.788487931402248,27.69656280989401,646.4877,25.942719411859493,-1.5848999,
F_005933,38.69263269306567,126.75425287916434,97.47572291654697,매우 높음,70.21881760267296,67.64165474063225,59.753746456207665,65.04308015162805,738.77625,22.42716874964093,-4.1749268,
F_006331,38.84596077191617,126.84411490027254,97.46976467521371,매우 높음,82.26664547529374,85.15730921721104,70.29453500801282,72.44512499371483,509.20673,22.409294025641145,-6.074463,
F_005694,39.00577007800176,127.2022756896903,97.45269857074958,매우 높음,95.24682110605674,87.07535214749349,79.62553005776547,85.00790580164272,1110.538,22.358095712248733,-1.0439453,
